"","fragment_ID","jar_nr","run","date","position","cond_organism","incubation","genus","species","colony","col_frag","time_start_L","oxygen_start_L","temp_start_L","saturation_start_L","time_stop_L","oxygen_stop_L","temp_stop_L","saturation_stop_L","salinity_cond_L","temp_cond_L","time_start_D","oxygen_start_D","temp_start_D","saturation_start_D","time_stop_D","oxygen_stop_D","temp_stop_D","saturation_stop_D","light_intensity_L","salinity_cond_D","temp_cond_D","flow_velocity","time_L_min","time_D_min","oxy_L_diff","oxy_D_diff","vol_jar_L","base_O2produced_ug_min","base_O2produced_ug_h","base_O2respiration_ug_min","base_O2respiration_ug_h","mean(base_O2produced_ug_h)","mean(base_O2respiration_ug_h)","net_photo_ug_h","respiration_ug_h","gross_photo_ug_h","surface_cm2","net_photo_ug_h_cm2","respiration_ug_h_cm2","gross_photo_ug_h_cm2"
"29","Pru-A-1","4","3",2021-03-21,"A12","Xsp","off-species","soft coral","Pru","A","1",12H 17M 0S,7.06,25.7,106.5,13H 47M 0S,7.57,25.6,114.6,34.3,23.3,14H 18M 0S,6.52,25.7,98.7,15H 48M 0S,6.19,25.3,93.3,198,34.3,23.3,7.370305346,90,90,510.000000000001,329.999999999999,1.0268,5.81853333333334,349.112,3.76493333333332,225.895999999999,20.4013999999999,6.79793333333319,328.710600000001,219.098066666666,547.808666666667,84.4071582,3.89434506515587,2.59572850619518,6.49007357135105
"30","Pru-A-1","8","10",2021-03-30,"B9","Mdi","off-species","stony coral","Pru","A","1",12H 26M 0S,6.71,25.3,99.7,13H 56M 0S,7.41,25.4,110.5,23.4,23.2,14H 27M 0S,6.63,25.4,98.9,15H 59M 0S,6.32,25.4,94,202,34.4,23.3,6.579251631,90,92,700,310,1.02544,7.97564444444445,478.538666666667,3.45528695652174,207.317217391304,10.2013000000001,26.6143043478261,468.337366666667,180.702913043478,649.040279710145,84.4071582,5.54855034399993,2.14084820407421,7.68939854807415
"31","Pru-A-1","7","6",2021-03-25,"B7","Hcn","off-species","sponge","Pru","A","1",12H 30M 0S,6.55,25.7,99,14H 2M 0S,7.3,26,111.2,34.2,23.5,14H 31M 0S,6.61,25.3,99.4,16H 3M 0S,6.26,25.6,94.6,199,34.4,23.6,6.989082655,92,92,750,350.000000000001,1.023,8.33967391304348,500.380434782609,3.89184782608696,233.510869565218,19.961804347826,6.6886658485275,480.418630434783,226.82220371669,707.240834151473,84.4071582,5.69168114031806,2.68723895643119,8.37892009674925
"32","Pru-A-1","7","14",2021-04-03,"B7","Csp","off-species","macroalgae","Pru","A","1",12H 21M 0S,6.68,25.5,100.2,13H 51M 0S,7.45,25.3,111.5,34.4,23.3,14H 23M 0S,6.49,25.4,97.6,15H 53M 0S,6.21,25.4,93.3,199,34.2,23.3,6.989082655,90,90,770,280,1.023,8.75233333333334,525.14,3.18266666666667,190.96,34.0068666666668,6.80073333333319,491.133133333333,184.159266666667,675.2924,84.4071582,5.81861946079987,2.18179678825708,8.00041624905695
"33","Pru-A-1","4","12",2021-04-01,"A12","Ssp","off-species","soft coral","Pru","A","1",12H 14M 0S,6.63,25.8,100.3,13H 45M 0S,7.42,25.6,112.5,34.6,23.3,14H 14M 0S,6.53,25.7,98.9,15H 45M 0S,6.2,25.4,93.4,198,34.4,23.5,7.370305346,91,91,790,330,1.0268,8.91397802197802,534.838681318681,3.72356043956044,223.413626373626,-22.9680399719493,6.65210869565203,557.806721290631,216.761517677974,774.568238968605,84.4071582,6.60852388809165,2.56804662424915,9.1765705123408
"34","Pru-A-1","4","7",2021-03-27,"A12","Pru","within-species","stony coral","Pru","A","1",12H 16M 0S,6.72,25.3,101,13H 46M 0S,7.49,25.5,112.5,34.7,23.1,14H 25M 0S,6.34,27,97.7,15H 45M 0S,5.95,25.3,89.2,198,34.6,23.1,7.370305346,90,80,770,390,1.0268,8.78484444444445,527.090666666667,5.00564999999999,300.339,-13.6038666666664,-14.931073170732,540.694533333333,315.270073170732,855.964606504065,84.4071582,6.40579004036808,3.73511062206015,10.1409006624282
"35","Pru-A-1","8","1",2021-03-19,"B9","Amu","off-species","stony coral","Pru","A","1",12H 17M 0S,6.77,24.7,100.6,13H 48M 0S,7.44,25.8,112.3,34.3,23.6,14H 59M 0S,6.5,25.4,98,16H 29M 0S,6.2,25.5,93.3,202,34.5,23.5,6.579251631,91,90,670.000000000001,300,1.02544,7.54994285714287,452.996571428572,3.41813333333333,205.088,57.1763406593409,36.4522611008327,395.820230769231,168.635738899167,564.455969668398,84.4071582,4.68941543833697,1.99788433226943,6.6872997706064
"36","Pru-A-1","3","13",2021-04-02,"A11","Hsp","off-species","macroalgae","Pru","A","1",12H 15M 0S,6.64,25.4,99.6,13H 46M 0S,7.3,25.6,110,34.3,23,14H 16M 0S,6.57,25.9,99.7,15H 47M 0S,6.23,25.4,93.7,200,34.3,22.9,7.051835362,91,91,660,340,1.02549,7.43761978021978,446.257186813187,3.8315010989011,229.890065934066,25.6724657922723,-6.65289130434769,420.584721020915,236.542957238414,657.127678259328,84.4071582,4.98280868577938,2.80240399372211,7.78521267950149
"37","Pru-A-2","2","11",2021-03-31,"A7","Xsp","off-species","soft coral","Pru","A","2",12H 11M 0S,6.87,25.8,103.3,13H 43M 0S,7.63,25.6,114.8,34.6,23.3,14H 11M 0S,6.55,25.7,98.8,15H 46M 0S,6.22,25.3,93.6,195,34.4,23.5,6.874382174,92,95,760,330,1.02281,8.4493,506.958,3.55291894736842,213.175136842105,-9.97992391304327,32.9899429347828,516.937923913043,180.185193907323,697.123117820366,90.73220703,5.69740272869281,1.98590114586043,7.68330387455324
"38","Pru-A-2","12","2",2021-03-20,"C4","Mdi","off-species","stony coral","Pru","A","2",12H 37M 0S,6.69,25.5,110.2,14H 8M 0S,7.31,25.8,109.7,34.3,23.2,14H 40M 0S,6.65,24.9,98.9,16H 11M 0S,6.28,25.5,94.3,196,34.3,23.2,8.117810474,91,91,619.999999999999,370,1.01679,6.92758021978021,415.654813186813,4.1342010989011,248.052065934066,43.396084687052,26.5777471949509,372.258728499761,221.474318739115,593.733047238876,90.73220703,4.10282898085655,2.44096695086328,6.54379593171983
"39","Pru-A-2","4","16",2021-04-05,"A12","Hsp","off-species","macroalgae","Pru","A","2",12H 14M 0S,6.71,25.2,101.7,13H 44M 0S,7.38,25.9,113.4,34.2,22.9,14H 14M 0S,6.55,25.5,99.7,15H 44M 0S,6.22,25.7,94.9,198,34.2,23.3,7.370305346,90,90,670,330,1.0268,7.64395555555555,458.637333333333,3.76493333333333,225.896,23.8043666666668,37.4078333333331,434.832966666666,188.488166666667,623.321133333333,90.73220703,4.79248748487835,2.07741190076358,6.86989938564193
"40","Pru-A-2","11","4",2021-03-22,"B12","Ssp","off-species","soft coral","Pru","A","2",12H 31M 0S,6.74,24.7,9.8,14H 1M 0S,7.24,25.9,109.6,34.2,23.1,14H 38M 0S,6.61,24.9,98.7,16H 8M 0S,6.3,25.5,94.5,198,34.4,23.1,6.788963055,90,90,500,310.000000000001,1.0185,5.65833333333333,339.5,3.50816666666667,210.49,51.0097000000001,64.6107666666668,288.4903,145.879233333334,434.369533333333,90.73220703,3.17957988065486,1.60779989937972,4.78737978003458
"41","Pru-A-2","2","15",2021-04-04,"A7","Hcn","off-species","sponge","Pru","A","2",12H 28M 0S,6.41,25.5,98.1,13H 58M 0S,7.29,25.8,112.5,34.4,23.5,14H 32M 0S,6.48,25.9,99.8,16H 2M 0S,6.12,25.5,93.6,195,34.2,23.7,6.874382174,90,90,880,360,1.02281,10.0008088888889,600.048533333333,4.09124,245.4744,27.2049333333334,16.96586007326,572.8436,228.50853992674,801.35213992674,90.73220703,6.31356404469025,2.51849423051272,8.83205827520296
"42","Pru-A-2","6","5",2021-03-24,"B4","Csp","off-species","macroalgae","Pru","A","2",12H 24M 0S,6.83,25.4,102.4,13H 56M 0S,7.45,26,112.9,34.1,23.5,14H 28M 0S,6.58,25.8,99.5,15H 59M 0S,6.2,25.7,93.6,200,34.2,23.3,6.878144835,92,91,620,380,1.02353,6.89770217391305,413.862130434783,4.27408131868132,256.444879120879,2.5889306636152,-6.30129949121199,411.273199771168,262.746178612091,674.019378383259,90.73220703,4.53282481748937,2.89584247107773,7.4286672885671
"43","Pru-A-2","5","8",2021-03-28,"B2","Pru","within-species","stony coral","Pru","A","2",12H 18M 0S,6.62,26,99.3,13H 48M 0S,7.31,25.2,108.7,34.6,23.1,14H 18M 0S,6.46,24.7,95.1,15H 48M 0S,6.06,25.3,90.3,197,34.7,23.2,6.897020096,90,90,690,400,1.02427,7.85273666666666,471.1642,4.55231111111112,273.138666666667,-20.4343999999996,20.4344000000002,491.598599999999,252.704266666667,744.302866666666,90.73220703,5.41812677208938,2.78516609414242,8.2032928662318
"44","Pru-A-2","6","9",2021-03-29,"B4","Amu","off-species","stony coral","Pru","A","2",12H 21M 0S,6.77,25.4,101,13H 51M 0S,7.45,25.4,111.2,34.4,23.6,14H 28M 0S,6.66,25.5,99.5,15H 58M 0S,6.31,25.5,93.8,200,34.2,23.6,6.878144835,90,90,680.000000000001,350.000000000001,1.02353,7.73333777777778,464.000266666667,3.98039444444445,238.823666666667,10.2386732600733,9.87377419354847,453.761593406594,228.949892473119,682.711485879712,90.73220703,5.00110829726164,2.52335857318469,7.52446687044632
"45","Pru-C-1","10","14",2021-04-03,"B11","Csp","off-species","macroalgae","Pru","C","1",12H 28M 0S,6.62,25.5,99.4,13H 58M 0S,7.43,25.3,111.6,34.4,23.3,14H 29M 0S,6.51,25.3,97.4,15H 59M 0S,6.12,25.4,92,195,34.2,23.3,7.004665894,90,90,810,390,1.01669,9.15021,549.0126,4.40565666666666,264.3394,34.0068666666668,6.80073333333319,515.005733333333,257.538666666667,772.5444,104.01254883,4.95138076247961,2.47603457047853,7.42741533295814
"46","Pru-C-1","11","1",2021-03-19,"B12","Amu","off-species","stony coral","Pru","C","1",12H 23M 0S,6.72,24.9,100.4,13H 54M 0S,7.28,25.8,110.2,34.3,23.6,15H 5M 0S,6.59,25.1,98.4,16H 35M 0S,6.19,25.5,93.1,198,34.5,23.5,6.788963055,91,90,560,399.999999999999,1.0185,6.26769230769231,376.061538461539,4.52666666666666,271.6,57.1763406593409,36.4522611008327,318.885197802198,235.147738899167,554.032936701365,104.01254883,3.06583389590221,2.26076316314002,5.32659705904223
"47","Pru-C-1","10","3",2021-03-21,"B11","Xsp","off-species","soft coral","Pru","C","1",12H 29M 0S,6.92,25.2,104,13H 59M 0S,7.57,25.9,115.1,34.3,23.3,14H 30M 0S,6.59,25.4,99.4,16H 0M 0S,6.2,25.6,93.4,195,34.3,23.3,7.004665894,90,90,650,390,1.01669,7.34276111111111,440.565666666667,4.40565666666666,264.3394,20.4013999999999,6.79793333333319,420.164266666667,257.541466666667,677.705733333333,104.01254883,4.03955360572301,2.47606149030726,6.51561509603027
"48","Pru-C-1","1","7",2021-03-27,"A6","Pru","within-species","stony coral","Pru","C","1",12H 10M 0S,6.78,25.8,102.7,13H 40M 0S,7.58,25.4,114.1,34.7,23.1,14H 19M 0S,6.39,27.7,99.5,15H 41M 0S,5.92,25.3,88.5,199,34.6,23.1,6.950426225,90,82,800,470,1.02096,9.0752,544.512,5.85184390243902,351.110634146341,-13.6038666666664,-14.931073170732,558.115866666666,366.041707317073,924.15757398374,104.01254883,5.36585126453214,3.5192071671596,8.88505843169173
"49","Pru-C-1","6","13",2021-04-02,"B4","Hsp","off-species","macroalgae","Pru","C","1",12H 21M 0S,6.51,25.4,97.8,13H 52M 0S,7.42,25.4,111.6,34.3,23,14H 22M 0S,6.59,25.8,99.7,15H 53M 0S,6.13,25.5,92.7,200,34.3,22.9,6.878144835,91,91,910,460,1.02353,10.2353,614.118,5.17388791208791,310.433274725275,25.6724657922723,-6.65289130434769,588.445534207728,317.086166029622,905.53170023735,104.01254883,5.65744749866186,3.04853760047621,8.70598509913806
"50","Pru-C-1","10","12",2021-04-01,"B11","Ssp","off-species","soft coral","Pru","C","1",12H 27M 0S,6.56,25.3,98.7,13H 58M 0S,7.46,25.4,112.7,34.6,23.3,14H 26M 0S,6.54,25.5,99,15H 57M 0S,6.08,25.5,92.2,195,34.4,23.5,7.004665894,91,91,900,460,1.01669,10.0551758241758,603.31054945055,5.13931208791209,308.358725274725,-22.9680399719493,6.65210869565203,626.278589422499,301.706616579073,927.985206001572,104.01254883,6.02118298673846,2.90067515865021,8.92185814538867
"51","Pru-C-1","11","10",2021-03-30,"B12","Mdi","off-species","stony coral","Pru","C","1",12H 32M 0S,6.66,25.1,98.4,14H 2M 0S,7.51,25.4,111.7,23.4,23.2,14H 33M 0S,6.68,25.2,99.1,16H 5M 0S,6.19,25.4,92.3,198,34.4,23.3,6.788963055,90,92,850,489.999999999999,1.0185,9.61916666666666,577.15,5.42461956521738,325.477173913043,10.2013000000001,26.6143043478261,566.9487,298.862869565217,865.811569565216,104.01254883,5.45077210757166,2.87333473630844,8.3241068438801
"52","Pru-C-1","4","6",2021-03-25,"A12","Hcn","off-species","sponge","Pru","C","1",12H 24M 0S,6.54,25.9,99.2,13H 55M 0S,7.45,26,112.8,34.2,23.5,14H 25M 0S,6.6,25.4,99.5,15H 56M 0S,6.15,25.3,92.6,198,34.4,23.6,7.370305346,91,91,910,449.999999999999,1.0268,10.268,616.08,5.07758241758241,304.654945054945,19.961804347826,6.6886658485275,596.118195652174,297.966279206417,894.084474858591,104.01254883,5.73121418865026,2.86471471527362,8.59592890392388
"53","Pru-C-2","9","2",2021-03-20,"B10","Mdi","off-species","stony coral","Pru","C","2",12H 30M 0S,6.71,25.2,100.2,14H 2M 0S,7.35,25.8,110.7,34.3,23.2,14H 33M 0S,6.66,25.1,99.2,16H 4M 0S,6.31,25.6,94.4,195,34.3,23.2,7.024242937,92,91,640,350.000000000001,1.02596,7.13711304347826,428.226782608695,3.94600000000001,236.76,43.396084687052,26.5777471949509,384.830697921643,210.182252805049,595.012950726693,95.8694043,4.01411379085458,2.1923809200622,6.20649471091678
"54","Pru-C-2","11","11",2021-03-31,"B12","Xsp","off-species","soft coral","Pru","C","2",12H 29M 0S,6.71,24.8,99.5,14H 0M 0S,7.32,25.5,110,34.6,23.3,14H 31M 0S,6.55,25.4,98.4,16H 2M 0S,6.15,25.5,92.4,198,34.4,23.5,6.788963055,91,91,610,399.999999999999,1.0185,6.8273076923077,409.638461538462,4.47692307692307,268.615384615384,-9.97992391304327,32.9899429347828,419.618385451505,235.625441680601,655.243827132106,95.8694043,4.37697916781053,2.45777517239253,6.83475434020306
"55","Pru-C-2","12","5",2021-03-24,"C4","Csp","off-species","macroalgae","Pru","C","2",12H 37M 0S,6.77,25.5,101.6,14H 10M 0S,7.42,25.9,112.1,34.1,23.5,14H 42M 0S,6.56,25.4,98.6,16H 13M 0S,6.18,25.5,93.1,196,34.2,23.3,8.117810474,93,91,650,380,1.01679,7.10659677419355,426.395806451613,4.24593626373626,254.756175824176,2.5889306636152,-6.30129949121199,423.806875787998,261.057475315388,684.864351103386,95.8694043,4.42066870950608,2.72305306600708,7.14372177551317
"56","Pru-C-2","2","4",2021-03-22,"A7","Ssp","off-species","soft coral","Pru","C","2",12H 10M 0S,6.86,24.5,101.5,13H 40M 0S,7.57,25.5,113.7,34.2,23.1,14H 16M 0S,6.6,25.5,99.1,15H 46M 0S,6.3,25.2,93.7,195,34.4,23.1,6.874382174,90,90,710,300,1.02281,8.06883444444444,484.130066666667,3.40936666666666,204.562,51.0097000000001,64.6107666666668,433.120366666667,139.951233333333,573.0716,95.8694043,4.51781639647329,1.4598112333669,5.97762762984019
"57","Pru-C-2","1","16",2021-04-05,"A6","Hsp","off-species","macroalgae","Pru","C","2",12H 8M 0S,6.76,25.2,102.3,13H 38M 0S,7.46,25.9,114.2,34.2,22.9,14H 8M 0S,6.54,25.5,99.6,15H 38M 0S,6.25,25.7,94.8,199,34.2,23.3,6.950426225,90,90,700,290,1.02096,7.9408,476.448,3.28976,197.3856,23.8043666666668,37.4078333333331,452.643633333333,159.977766666667,612.6214,95.8694043,4.72146078968943,1.66870512896957,6.390165918659
"58","Pru-C-2","12","9",2021-03-29,"C4","Amu","off-species","stony coral","Pru","C","2",12H 36M 0S,6.73,25.4,100.2,14H 6M 0S,7.27,25.8,109,34.4,23.6,14H 41M 0S,6.61,25.2,98,16H 11M 0S,6.33,25.6,93.8,196,34.2,23.6,8.117810474,90,90,539.999999999999,280,1.01679,6.10073999999999,366.044399999999,3.16334666666667,189.8008,10.2386732600733,9.87377419354847,355.805726739926,179.927025806452,535.732752546378,95.8694043,3.71135848123681,1.87679298854736,5.58815146978417
"59","Pru-C-2","6","8",2021-03-28,"B4","Pru","within-species","stony coral","Pru","C","2",12H 19M 0S,6.62,25.9,99.8,13H 50M 0S,7.35,25.2,109.3,34.6,23.1,14H 20M 0S,6.42,24.7,94.7,15H 50M 0S,6.04,25.3,98.9,200,34.7,23.2,6.878144835,91,90,730,380,1.02353,8.21073516483516,492.64410989011,4.32157111111111,259.294266666667,-20.4343999999996,20.4344000000002,513.078509890109,238.859866666666,751.938376556776,95.8694043,5.35184831528268,2.49151299531613,7.84336131059881
"60","Pru-C-2","8","15",2021-04-04,"B9","Hcn","off-species","sponge","Pru","C","2",12H 41M 0S,6.39,25.4,97.5,14H 11M 0S,7.23,25.6,111,34.4,23.5,14H 45M 0S,6.5,25.5,99.2,16H 15M 0S,6.14,25.6,93.9,202,34.2,23.7,6.579251631,90,90,840.000000000001,360,1.02544,9.57077333333334,574.246400000001,4.10176,246.1056,27.2049333333334,16.96586007326,547.041466666667,229.13973992674,776.181206593408,95.8694043,5.70611104409113,2.39012374802813,8.09623479211926
"61","Pru-D-1","1","14",2021-04-03,"A6","Csp","off-species","macroalgae","Pru","D","1",12H 7M 0S,6.76,25.7,102,13H 37M 0S,7.44,25.7,111.9,34.4,23.3,14H 11M 0S,6.47,25.6,97.5,15H 41M 0S,6.23,25.5,93.8,199,34.2,23.3,6.950426225,90,90,680.000000000001,239.999999999999,1.02096,7.71392000000001,462.8352,2.72255999999999,163.3536,34.0068666666668,6.80073333333319,428.828333333334,156.552866666666,585.3812,65.65858887,6.53118412554354,2.38434711072806,8.9155312362716
"62","Pru-D-1","1","12",2021-04-01,"A6","Ssp","off-species","soft coral","Pru","D","1",12H 8M 0S,6.67,25.9,101.4,13H 41M 0S,7.33,25.5,110.3,34.6,23.3,14H 8M 0S,6.52,25.7,99,15H 40M 0S,6.25,25.4,94.6,199,34.4,23.5,6.950426225,93,92,660,270,1.02096,7.24552258064516,434.73135483871,2.99629565217391,179.777739130434,-22.9680399719493,6.65210869565203,457.699394810659,173.125630434782,630.825025245442,65.65858887,6.970899050494,2.6367552732143,9.60765432370831
"63","Pru-D-1","3","7",2021-03-27,"A11","Pru","within-species","stony coral","Pru","D","1",12H 14M 0S,6.71,25.6,101.3,13H 44M 0S,7.45,25.5,111.6,34.7,23.1,14H 23M 0S,6.33,27.2,98.1,15H 43M 0S,5.92,25.3,88.6,200,34.6,23.1,7.051835362,90,80,740,410,1.02549,8.43180666666667,505.9084,5.25563625,315.338175,-13.6038666666664,-14.931073170732,519.512266666667,330.269248170732,849.781514837399,65.65858887,7.91232762701113,5.03009969989829,12.9424273269094
"64","Pru-D-1","12","13",2021-04-02,"C4","Hsp","off-species","macroalgae","Pru","D","1",12H 33M 0S,6.37,25.6,96.3,14H 5M 0S,7.15,25.9,108.5,34.3,23,14H 35M 0S,6.45,25.4,96.9,16H 6M 0S,6.18,25.7,93.3,196,34.3,22.9,8.117810474,92,91,780,270,1.01679,8.62061086956522,517.236652173913,3.01684945054946,181.010967032967,25.6724657922723,-6.65289130434769,491.564186381641,187.663858337315,679.228044718956,65.65858887,7.48666998242847,2.85817684429493,10.3448468267234
"65","Pru-D-1","5","10",2021-03-30,"B2","Mdi","off-species","stony coral","Pru","D","1",12H 20M 0S,6.72,25.5,100.3,13H 50M 0S,7.36,25.4,109.6,23.4,23.2,14H 21M 0S,6.67,25.4,99.3,15H 53M 0S,6.3,25.4,93.8,197,34.4,23.3,6.897020096,90,92,640.000000000001,370,1.02427,7.28369777777778,437.021866666667,4.11934673913044,247.160804347826,10.2013000000001,26.6143043478261,426.820566666667,220.5465,647.367066666667,65.65858887,6.50060523706572,3.35898933857182,9.85959457563753
"66","Pru-D-1","2","1",2021-03-19,"A7","Amu","off-species","stony coral","Pru","D","1",12H 3M 0S,6.85,24.6,101.7,13H 34M 0S,7.28,25.8,110.9,34.3,23.6,14H 46M 0S,6.52,25.8,98.7,16H 20M 0S,6.22,25.5,93.5,195,34.5,23.5,6.874382174,91,94,430.000000000001,300,1.02281,4.83305824175825,289.983494505495,3.26428723404255,195.857234042553,57.1763406593409,36.4522611008327,232.807153846154,159.40497294172,392.212126787874,65.65858887,3.54572277371203,2.42778554466549,5.97350831837752
"67","Pru-D-1","7","3",2021-03-21,"B7","Xsp","off-species","soft coral","Pru","D","1",12H 23M 0S,6.37,25.4,105.1,13H 53M 0S,7.51,25.9,114,34.3,23.3,14H 24M 0S,6.63,25.6,100.2,15H 54M 0S,6.22,25.6,94,199,34.3,23.3,6.989082655,90,90,1140,410,1.023,12.958,777.48,4.66033333333333,279.62,20.4013999999999,6.79793333333319,757.0786,272.822066666667,1029.90066666667,65.65858887,11.530534131627,4.15516189674496,15.685696028372
"68","Pru-D-1","1","6",2021-03-25,"A6","Hcn","off-species","sponge","Pru","D","1",12H 18M 0S,6.54,25.8,99.1,13H 51M 0S,7.2,25.5,108.9,34.2,23.5,14H 19M 0S,6.59,25.4,99.2,15H 51M 0S,6.31,25.2,95.2,199,34.4,23.6,6.950426225,93,92,660,280,1.02096,7.24552258064516,434.73135483871,3.10726956521739,186.436173913044,19.961804347826,6.6886658485275,414.769550490884,179.747508064516,594.5170585554,65.65858887,6.31706464651719,2.73760845546658,9.05467310198377
"69","Pru-D-2","5","15",2021-04-04,"B2","Hcn","off-species","sponge","Pru","D","2",12H 35M 0S,6.39,25.4,97.9,14H 5M 0S,6.98,25.6,107.2,34.4,23.5,14H 38M 0S,6.51,25.7,99.8,16H 8M 0S,6.23,25.6,95.3,197,34.2,23.7,6.897020096,90,90,590.000000000001,279.999999999999,1.02427,6.7146588888889,402.879533333334,3.18661777777777,191.197066666666,27.2049333333334,16.96586007326,375.674600000001,174.231206593406,549.905806593407,45.61700195,8.23540750029498,3.81943571794521,12.0548432182402
"70","Pru-D-2","8","8",2021-03-28,"B9","Pru","within-species","stony coral","Pru","D","2",12H 23M 0S,6.62,25.8,99.6,13H 53M 0S,7.18,25.3,106.7,34.6,23.1,14H 24M 0S,6.5,24.6,95.6,15H 54M 0S,6.14,25.2,91.6,202,34.7,23.2,6.579251631,90,90,560,360,1.02544,6.38051555555555,382.830933333333,4.10176,246.1056,-20.4343999999996,20.4344000000002,403.265333333333,225.6712,628.936533333333,45.61700195,8.84024192943115,4.94708530489036,13.7873272343215
"71","Pru-D-2","7","16",2021-04-05,"B7","Hsp","off-species","macroalgae","Pru","D","2",12H 20M 0S,6.63,25.1,100.1,13H 50M 0S,7.24,25.6,110.5,34.2,22.9,14H 20M 0S,6.62,25.3,100.7,15H 50M 0S,6.29,25.5,95.8,199,34.2,23.3,6.989082655,90,90,610,330,1.023,6.93366666666667,416.02,3.751,225.06,23.8043666666668,37.4078333333331,392.215633333333,187.652166666667,579.8678,45.61700195,8.5980142615079,4.11364532181113,12.711659583319
"72","Pru-D-2","3","9",2021-03-29,"A11","Amu","off-species","stony coral","Pru","D","2",12H 14M 0S,6.78,25.6,101,13H 44M 0S,7.18,25.5,107,34.4,23.6,14H 20M 0S,6.63,25.5,99,15H 49M 0S,6.41,25.3,95.8,200,34.2,23.6,7.051835362,90,89,399.999999999999,220,1.02549,4.55773333333333,273.464,2.53491910112359,152.095146067416,10.2386732600733,9.87377419354847,263.225326739926,142.221371873867,405.446698613793,45.61700195,5.77033376784478,3.11772729013962,8.8880610579844
"73","Pru-D-2","5","11",2021-03-31,"B2","Xsp","off-species","soft coral","Pru","D","2",12H 17M 0S,6.75,25.7,101.6,13H 48M 0S,7.35,25.4,110.4,34.6,23.3,14H 18M 0S,6.57,25.6,99,15H 49M 0S,6.28,25.5,94.7,197,34.4,23.5,6.897020096,91,91,600,290,1.02427,6.75342857142857,405.205714285714,3.26415714285714,195.849428571429,-9.97992391304327,32.9899429347828,415.185638198757,162.859485636646,578.045123835403,45.61700195,9.1015546934416,3.57014881896783,12.6717035124094
"74","Pru-D-2","8","4",2021-03-22,"B9","Ssp","off-species","soft coral","Pru","D","2",12H 24M 0S,6.78,24.6,100.4,13H 54M 0S,7.35,25.9,111.4,34.2,23.1,14H 30M 0S,6.61,25.2,99,16H 0M 0S,6.27,25.5,94.4,202,34.4,23.1,6.579251631,90,90,569.999999999999,340.000000000001,1.02544,6.49445333333333,389.6672,3.87388444444445,232.433066666667,51.0097000000001,64.6107666666668,338.6575,167.8223,506.4798,45.61700195,7.42393155015308,3.67894190380919,11.1028734539623
"75","Pru-D-2","3","5",2021-03-24,"A11","Csp","off-species","macroalgae","Pru","D","2",12H 18M 0S,6.93,25.4,103.8,13H 50M 0S,7.46,25.4,111.5,34.1,23.5,14H 22M 0S,6.56,25.9,99.3,15H 54M 0S,6.26,25.2,93.9,200,34.2,23.3,7.051835362,92,92,530,300,1.02549,5.90771413043479,354.462847826087,3.34398913043478,200.639347826087,2.5889306636152,-6.30129949121199,351.873917162472,206.940647317299,558.814564479771,45.61700195,7.7136572356981,4.53648066447074,12.2501379001688
"76","Pru-D-2","6","2",2021-03-20,"B4","Mdi","off-species","stony coral","Pru","D","2",12H 24M 0S,6.75,25.5,100.7,13H 56M 0S,7.2,25.8,108.4,34.3,23.2,14H 28M 0S,6.65,25.3,98.3,15H 59M 0S,6.33,25.6,95.1,200,34.3,23.2,6.878144835,92,91,450,320,1.02353,5.00639673913044,300.383804347826,3.59922637362638,215.953582417583,43.396084687052,26.5777471949509,256.987719660774,189.375835222632,446.363554883406,45.61700195,5.63359512189016,4.15143098247016,9.78502610436032
"77","Pru-E-1","5","1",2021-03-19,"B2","Amu","off-species","stony coral","Pru","E","1",12H 10M 0S,6.79,24.8,100.9,13H 40M 0S,7.4,25.8,112.2,34.3,23.6,14H 53M 0S,6.54,25.6,98.7,16H 23M 0S,6.13,25.5,92.8,197,34.5,23.5,6.897020096,90,90,610,410,1.02427,6.94227444444445,416.536466666667,4.66611888888889,279.967133333333,57.1763406593409,36.4522611008327,359.360126007326,243.514872232501,602.874998239827,76.50601563,4.69714862351832,3.1829506507069,7.88009927422522
"78","Pru-E-1","9","13",2021-04-02,"B10","Hsp","off-species","macroalgae","Pru","E","1",12H 27M 0S,6.47,25.4,97.4,14H 0M 0S,7.22,25.3,108.1,34.3,23,14H 28M 0S,6.56,25.6,98.5,15H 59M 0S,6.16,25.5,92.7,195,34.3,22.9,7.024242937,93,91,750,399.999999999999,1.02596,8.27387096774194,496.432258064516,4.50971428571428,270.582857142857,25.6724657922723,-6.65289130434769,470.759792272244,277.235748447204,747.995540719448,76.50601563,6.15323891063602,3.62371175866716,9.77695066930318
"79","Pru-E-1","2","10",2021-03-30,"A7","Mdi","off-species","stony coral","Pru","E","1",12H 14M 0S,6.79,25.7,101.3,13H 44M 0S,7.33,25.6,109.3,23.4,23.2,14H 15M 0S,6.64,25.4,99,15H 47M 0S,6.28,25.3,93.5,195,34.4,23.3,6.874382174,90,92,540,359.999999999999,1.02281,6.13686,368.2116,4.00229999999999,240.138,10.2013000000001,26.6143043478261,358.0103,213.523695652174,571.533995652174,76.50601563,4.67950522650947,2.79093995281131,7.47044517932078
"80","Pru-E-1","4","14",2021-04-03,"A12","Csp","off-species","macroalgae","Pru","E","1",12H 14M 0S,6.64,25.8,100.3,13H 44M 0S,7.3,25.8,110.4,34.4,23.3,14H 17M 0S,6.5,25.5,97.7,15H 47M 0S,6.15,25.6,92.6,198,34.2,23.3,7.370305346,90,90,660,350,1.0268,7.52986666666667,451.792,3.99311111111111,239.586666666666,34.0068666666668,6.80073333333319,417.785133333333,232.785933333333,650.571066666667,76.50601563,5.46081415811581,3.04271411099406,8.50352826910987
"81","Pru-E-1","7","12",2021-04-01,"B7","Ssp","off-species","soft coral","Pru","E","1",12H 20M 0S,6.6,25.6,99.8,13H 51M 0S,7.21,25.4,108.4,34.6,23.3,14H 20M 0S,6.54,25.6,99,15H 51M 0S,6.16,25.5,93,199,34.4,23.5,6.989082655,91,91,610,380,1.023,6.85747252747253,411.448351648352,4.27186813186813,256.312087912088,-22.9680399719493,6.65210869565203,434.416391620301,249.659979216436,684.076370836737,76.50601563,5.67819913300981,3.2632725304092,8.94147166341901
"82","Pru-E-1","10","6",2021-03-25,"B11","Hcn","off-species","sponge","Pru","E","1",12H 36M 0S,6.54,25.4,98.5,14H 7M 0S,7.29,26,111.2,34.2,23.5,14H 37M 0S,6.6,25.2,99.2,16H 8M 0S,6.24,25.6,94.3,195,34.4,23.6,7.004665894,91,91,750,359.999999999999,1.01669,8.37931318681319,502.758791208791,4.02207032967032,241.324219780219,19.961804347826,6.6886658485275,482.796986860965,234.635553931692,717.432540792657,76.50601563,6.31057548723852,3.0668902569236,9.37746574416212
"83","Pru-E-1","1","3",2021-03-21,"A6","Xsp","off-species","soft coral","Pru","E","1",12H 11M 0S,7.13,25.8,108.4,13H 41M 0S,7.5,25.5,113.7,34.3,23.3,14H 12M 0S,6.5,25.9,98.9,15H 42M 0S,6.29,25.3,94.6,199,34.3,23.3,6.950426225,90,90,370,210,1.02096,4.19728,251.8368,2.38224,142.9344,20.4013999999999,6.79793333333319,231.4354,136.136466666667,367.571866666667,76.50601563,3.02506146862062,1.77942172972453,4.80448319834516
"84","Pru-E-1","2","7",2021-03-27,"A7","Pru","within-species","stony coral","Pru","E","1",12H 12M 0S,6.73,25.7,101.5,13H 43M 0S,7.59,25.5,114.2,34.7,23.1,14H 21M 0S,6.35,27.5,98.5,15H 43M 0S,5.88,25.2,87.9,195,34.6,23.1,6.874382174,91,82,859.999999999999,470,1.02281,9.66611648351648,579.966989010989,5.86244756097561,351.746853658536,-13.6038666666664,-14.931073170732,593.570855677655,366.677926829268,960.248782506923,76.50601563,7.7584860587734,4.79279862909871,12.5512846878721
"85","Pru-E-2","8","11",2021-03-31,"B9","Xsp","off-species","soft coral","Pru","E","2",12H 23M 0S,6.72,25.3,100.6,13H 55M 0S,7.51,25.5,112.8,34.6,23.3,14H 24M 0S,6.57,25.5,98.9,15H 55M 0S,6.11,25.4,91.3,202,34.4,23.5,6.579251631,92,91,790,460,1.02544,8.80540869565217,528.32452173913,5.18354285714286,311.012571428571,-9.97992391304327,32.9899429347828,538.304445652174,278.022628493789,816.327074145962,110.42681641,4.8747619749674,2.51770935296665,7.39247132793405
"86","Pru-E-2","5","4",2021-03-22,"B2","Ssp","off-species","soft coral","Pru","E","2",12H 17M 0S,6.84,24.5,100.9,13H 47M 0S,7.51,25.8,113.9,34.2,23.1,14H 23M 0S,6.6,25.3,99,15H 53M 0S,6.17,25.6,92.8,197,34.4,23.1,6.897020096,90,90,670,430,1.02427,7.62512111111111,457.507266666667,4.89373444444444,293.624066666666,51.0097000000001,64.6107666666668,406.497566666666,229.0133,635.510866666666,110.42681641,3.68114901689636,2.07389208025072,5.75504109714709
"87","Pru-E-2","9","9",2021-03-29,"B10","Amu","off-species","stony coral","Pru","E","2",12H 29M 0S,6.76,25.2,100.6,13H 59M 0S,7.44,25.4,111,34.4,23.6,14H 35M 0S,6.66,25.3,99,16H 5M 0S,6.19,25.5,92.2,195,34.2,23.6,7.024242937,90,90,680.000000000001,470,1.02596,7.75169777777778,465.101866666667,5.35779111111111,321.467466666666,10.2386732600733,9.87377419354847,454.863193406594,311.593692473118,766.456885879712,110.42681641,4.11913707371358,2.82172123224319,6.94085830595677
"88","Pru-E-2","7","8",2021-03-28,"B7","Pru","within-species","stony coral","Pru","E","2",12H 21M 0S,6.61,25.9,99.6,13H 51M 0S,7.43,25.3,110.7,34.6,23.1,14H 22M 0S,6.52,24.6,96,15H 52M 0S,5.99,25.3,98.4,199,34.7,23.2,6.989082655,90,90,819.999999999999,529.999999999999,1.023,9.32066666666666,559.24,6.02433333333332,361.459999999999,-20.4343999999996,20.4344000000002,579.674399999999,341.025599999999,920.699999999998,110.42681641,5.24939882218234,3.08824985711638,8.33764867929872
"89","Pru-E-2","9","5",2021-03-24,"B10","Csp","off-species","macroalgae","Pru","E","2",12H 31M 0S,6.8,25.3,101.8,14H 3M 0S,7.59,26,115,34.1,23.5,14H 34M 0S,6.56,25.6,98.9,16H 5M 0S,6.07,25.7,91.3,195,34.2,23.3,7.024242937,92,91,790,489.999999999999,1.02596,8.80987391304348,528.592434782609,5.52439999999999,331.464,2.5889306636152,-6.30129949121199,526.003504118993,337.765299491212,863.768803610205,110.42681641,4.76336746108855,3.05872532118588,7.82209278227443
"90","Pru-E-2","11","15",2021-04-04,"B12","Hcn","off-species","sponge","Pru","E","2",12H 47M 0S,6.37,25.5,97.7,14H 17M 0S,7.18,25.7,110.2,34.4,23.5,14H 51M 0S,6.5,25.3,99.2,16H 21M 0S,6.08,25.7,93.1,198,34.2,23.7,6.788963055,90,90,810,420,1.0185,9.1665,549.99,4.753,285.18,27.2049333333334,16.96586007326,522.785066666666,268.21413992674,790.999206593406,110.42681641,4.73422202742525,2.42888592324256,7.16310795066782
"91","Pru-E-2","10","16",2021-04-05,"B11","Hsp","off-species","macroalgae","Pru","E","2",12H 26M 0S,6.57,25.3,99.9,13H 56M 0S,7.42,25.6,113.2,34.2,22.9,14H 26M 0S,6.61,25.2,100,15H 56M 0S,6.15,25.5,93.3,195,34.2,23.3,7.004665894,90,90,850,460,1.01669,9.60207222222222,576.124333333333,5.19641555555555,311.784933333333,23.8043666666668,37.4078333333331,552.319966666666,274.3771,826.697066666666,110.42681641,5.00168332858548,2.48469628048747,7.48637960907295
"92","Pru-E-2","2","2",2021-03-20,"A7","Mdi","off-species","stony coral","Pru","E","2",12H 15M 0S,6.81,25.4,101.6,13H 47M 0S,7.48,25.7,112.3,34.3,23.2,14H 19M 0S,6.6,25.54,98.5,15H 51M 0S,6.12,25.3,91.8,195,34.3,23.2,6.874382174,92,92,670.000000000001,480,1.02281,7.44872500000001,446.923500000001,5.33639999999999,320.184,43.396084687052,26.5777471949509,403.527415312948,293.606252805049,697.133668117997,110.42681641,3.65425200537074,2.65883109148894,6.31308309685967
"93","Pve-A-1","4","1",2021-03-19,"A12","Amu","off-species","stony coral","Pve","A","1",12H 8M 0S,6.8,24.7,101.1,13H 38M 0S,7.26,25.8,109.7,34.3,23.6,14H 50M 0S,6.53,25.7,98.6,16H 22M 0S,6.2,25.5,93.3,198,34.5,23.5,7.370305346,90,92,460,330,1.0268,5.24808888888889,314.885333333333,3.68308695652174,220.985217391304,57.1763406593409,36.4522611008327,257.708992673992,184.532956290472,442.241948964464,37.71626953,6.83283357249866,4.89266193581769,11.7254955083164
"94","Pve-A-1","2","14",2021-04-03,"A7","Csp","off-species","macroalgae","Pve","A","1",12H 9M 0S,6.73,25.8,101.4,13H 39M 0S,7.57,25.7,114,34.4,23.3,14H 13M 0S,6.48,25.5,97.6,15H 43M 0S,6.15,25.5,92.4,195,34.2,23.3,6.874382174,90,90,840,330,1.02281,9.54622666666667,572.7736,3.75030333333333,225.0182,34.0068666666668,6.80073333333319,538.766733333333,218.217466666667,756.9842,37.71626953,14.2847301720758,5.78576485389399,20.0704950259698
"95","Pve-A-1","12","10",2021-03-30,"C4","Mdi","off-species","stony coral","Pve","A","1",12H 34M 0S,6.65,24.9,98.2,14H 4M 0S,7.37,25.9,109.5,23.4,23.2,14H 35M 0S,6.66,25.1,98.8,16H 7M 0S,6.25,25.6,92.3,196,34.4,23.3,8.117810474,90,92,720,410,1.01679,8.13432,488.0592,4.53134673913044,271.880804347826,10.2013000000001,26.6143043478261,477.8579,245.2665,723.1244,37.71626953,12.6698081744247,6.50293634700303,19.1727445214278
"96","Pve-A-1","4","13",2021-04-02,"A12","Hsp","off-species","macroalgae","Pve","A","1",12H 17M 0S,6.54,25.4,98.5,13H 48M 0S,7.23,25.6,109.4,34.3,23,14H 18M 0S,6.57,25.9,99.6,15H 50M 0S,6.15,25.5,92.8,198,34.3,22.9,7.370305346,91,92,690,420,1.0268,7.78562637362638,467.137582417583,4.6875652173913,281.253913043478,25.6724657922723,-6.65289130434769,441.46511662531,287.906804347826,729.371920973136,37.71626953,11.7048987645547,7.63349100893505,19.3383897734898
"97","Pve-A-1","12","3",2021-03-21,"C4","Xsp","off-species","soft coral","Pve","A","1",12H 33M 0S,6.63,25,103.8,14H 3M 0S,7.64,25.8,115.8,34.3,23.3,14H 34M 0S,6.57,25.3,98.9,16H 4M 0S,6.16,25.5,93,196,34.3,23.3,8.117810474,90,90,1010,410,1.01679,11.4106433333333,684.6386,4.63204333333333,277.9226,20.4013999999999,6.79793333333319,664.2372,271.124666666667,935.361866666667,37.71626953,17.6114236184376,7.18853349085892,24.7999571092965
"98","Pve-A-1","2","12",2021-04-01,"A7","Ssp","off-species","soft coral","Pve","A","1",12H 11M 0S,6.65,25.9,100.4,13H 42M 0S,7.36,25.6,111.5,34.6,23.3,14H 10M 0S,6.52,25.7,99,15H 41M 0S,6.23,25.4,92.4,195,34.4,23.5,6.874382174,91,91,710,289.999999999999,1.02281,7.98016593406593,478.809956043956,3.25950439560439,195.570263736263,-22.9680399719493,6.65210869565203,501.777996015905,188.918155040611,690.696151056517,37.71626953,13.304019784268,5.00893002926345,18.3129498135315
"99","Pve-A-1","10","7",2021-03-27,"B11","Pve","within-species","stony coral","Pve","A","1",12H 35M 0S,6.88,25.2,103.2,14H 5M 0S,7.37,24.2,108.2,34.4,23.7,14H 36M 0S,6.57,25.4,98.8,15H 56M 0S,6.26,25.2,93.5,195,34.5,23.5,7.004665894,90,80,490,310.000000000001,1.01669,5.53531222222222,332.118733333333,3.93967375000001,236.380425,6.72639560439546,22.9538250000002,325.392337728938,213.4266,538.818937728938,37.71626953,8.62737332678453,5.65874097994336,14.2861143067279
"100","Pve-A-1","8","6",2021-03-25,"B9","Hcn","off-species","sponge","Pve","A","1",12H 32M 0S,6.53,25.6,98.8,14H 4M 0S,7.42,26,113.2,34.2,23.5,14H 33M 0S,6.6,25.3,99.4,16H 4M 0S,6.23,25.6,94.1,202,34.4,23.6,6.579251631,92,91,890,369.999999999999,1.02544,9.92001739130435,595.201043478261,4.16937142857142,250.162285714285,19.961804347826,6.6886658485275,575.239239130435,243.473619865758,818.712858996192,37.71626953,15.2517533228699,6.45540035904388,21.7071536819138
"101","Pve-A-2","7","9",2021-03-29,"B7","Amu","off-species","stony coral","Pve","A","2",12H 23M 0S,6.77,25.3,101,13H 53M 0S,7.37,25.4,109.3,34.4,23.6,14H 30M 0S,6.66,25.4,99.3,16H 0M 0S,6.29,25.5,94,199,34.2,23.6,6.989082655,90,90,600.000000000001,370,1.023,6.82000000000001,409.2,4.20566666666667,252.34,10.2386732600733,9.87377419354847,398.961326739927,242.466225806452,641.427552546379,33.35739746,11.960205445234,7.26873929829811,19.2289447435321
"102","Pve-A-2","9","16",2021-04-05,"B10","Hsp","off-species","macroalgae","Pve","A","2",12H 24M 0S,6.59,25.1,99.7,13H 54M 0S,7.13,25.6,109.1,34.2,22.9,14H 24M 0S,6.62,25.2,100.4,15H 54M 0S,6.27,25.5,95.6,195,34.2,23.3,7.024242937,90,90,540,350.000000000001,1.02596,6.15576,369.3456,3.98984444444445,239.390666666667,23.8043666666668,37.4078333333331,345.541233333333,201.982833333334,547.524066666667,33.35739746,10.3587587655087,6.05511366933042,16.4138724348391
"103","Pve-A-2","11","2",2021-03-20,"B12","Mdi","off-species","stony coral","Pve","A","2",12H 35M 0S,6.66,25.5,100,14H 6M 0S,7.19,25.9,108.5,34.3,23.2,14H 38M 0S,6.66,25,98.8,16H 9M 0S,6.31,25.5,94.7,198,34.3,23.2,6.788963055,91,91,530,350.000000000001,1.0185,5.93192307692308,355.915384615385,3.9173076923077,235.038461538462,43.396084687052,26.5777471949509,312.519299928333,208.460714343511,520.980014271844,33.35739746,9.36881542701541,6.24930990475151,15.6181253317669
"104","Pve-A-2","10","8",2021-03-28,"B11","Pve","within-species","stony coral","Pve","A","2",12H 27M 0S,6.56,25.9,98.7,13H 57M 0S,7.04,25.3,104.8,34.5,23.5,14H 28M 0S,6.55,24.9,97,15H 58M 0S,6.24,25.2,93.1,195,34.4,23.5,7.004665894,90,90,480,310,1.01669,5.42234666666667,325.3408,3.50193222222222,210.115933333333,47.6079333333329,34.0056666666665,277.732866666667,176.110266666666,453.843133333334,33.35739746,8.32597528028697,5.27949660574829,13.6054718860353
"105","Pve-A-2","12","15",2021-04-04,"C4","Hcn","off-species","sponge","Pve","A","2",12H 49M 0S,6.37,25.4,97.6,14H 19M 0S,7.14,25.9,109.7,34.4,23.5,14H 53M 0S,6.5,25.2,99,16H 23M 0S,6.13,25.7,93.9,196,34.2,23.7,8.117810474,90,90,770,370,1.01679,8.69920333333333,521.9522,4.18013666666667,250.8082,27.2049333333334,16.96586007326,494.747266666666,233.84233992674,728.589606593406,33.35739746,14.8317106350978,7.01020936082164,21.8419199959194
"106","Pve-A-2","8","5",2021-03-24,"B9","Csp","off-species","macroalgae","Pve","A","2",12H 29M 0S,6.83,25.2,101.9,14H 0M 0S,7.44,26,112.6,34.1,23.5,14H 32M 0S,6.56,25.7,99.2,16H 3M 0S,6.19,25.6,93.4,202,34.2,23.3,6.579251631,91,91,610,369.999999999999,1.02544,6.87382857142858,412.429714285715,4.16937142857142,250.162285714285,2.5889306636152,-6.30129949121199,409.840783622099,256.463585205497,666.304368827597,33.35739746,12.2863536975135,7.68835714815676,19.9747108456703
"107","Pve-A-2","6","4",2021-03-22,"B4","Ssp","off-species","soft coral","Pve","A","2",12H 19M 0S,6.84,24.5,100.9,13H 49M 0S,7.48,25.9,113,34.2,23.1,14H 25M 0S,6.6,25.3,99.1,15H 55M 0S,6.17,25.6,93.1,200,34.4,23.1,6.878144835,90,90,640.000000000001,430,1.02353,7.27843555555556,436.706133333334,4.89019888888889,293.411933333333,51.0097000000001,64.6107666666668,385.696433333334,228.801166666666,614.4976,33.35739746,11.5625457230539,6.85908326454513,18.4216289875991
"108","Pve-A-2","12","11",2021-03-31,"C4","Xsp","off-species","soft coral","Pve","A","2",12H 31M 0S,6.74,24.7,99.5,14H 3M 0S,7.26,25.9,110.1,34.6,23.3,14H 33M 0S,6.54,25.4,98.3,16H 5M 0S,6.18,25.6,93.1,196,34.4,23.5,8.117810474,92,92,520,360,1.01679,5.74707391304347,344.824434782608,3.97874347826087,238.724608695652,-9.97992391304327,32.9899429347828,354.804358695652,205.73466576087,560.539024456521,33.35739746,10.6364520529849,6.16758744466121,16.8040394976461
"109","Pve-B-1","10","13",2021-04-02,"B11","Hsp","off-species","macroalgae","Pve","B","1",12H 29M 0S,6.44,25.3,96.5,14H 2M 0S,7.04,25.3,106.2,34.3,23,14H 31M 0S,6.58,25.3,98.7,16H 2M 0S,6.17,25.5,93,195,34.3,22.9,7.004665894,93,91,600,410,1.01669,6.55929032258064,393.557419354838,4.58069120879121,274.841472527473,25.6724657922723,-6.65289130434769,367.884953562566,281.49436383182,649.379317394386,35.36176514,10.4034669113966,7.96041607983544,18.363882991232
"110","Pve-B-1","9","7",2021-03-27,"B10","Pve","within-species","stony coral","Pve","B","1",12H 33M 0S,7.07,25.3,105.5,14H 2M 0S,7.47,24.2,109.7,34.4,23.7,14H 34M 0S,6.57,25.6,99,15H 54M 0S,6.23,25.2,93.1,195,34.5,23.5,7.024242937,89,80,399.999999999999,340,1.02596,4.61105617977527,276.663370786516,4.36033,261.6198,6.72639560439546,22.9538250000002,269.936975182121,238.665975,508.602950182121,35.36176514,7.63358316852734,6.74926644795876,14.3828496164861
"111","Pve-B-1","2","6",2021-03-25,"A7","Hcn","off-species","sponge","Pve","B","1",12H 20M 0S,6.55,25.8,99.3,13H 52M 0S,7.16,25.5,108.2,34.2,23.5,14H 21M 0S,6.59,25.4,99.4,15H 53M 0S,6.28,25.2,94.5,195,34.4,23.6,6.874382174,92,92,610,310,1.02281,6.781675,406.9005,3.446425,206.7855,19.961804347826,6.6886658485275,386.938695652174,200.096834151472,587.035529803646,35.36176514,10.9422901860315,5.6585646491139,16.6008548351454
"112","Pve-B-1","3","3",2021-03-21,"A11","Xsp","off-species","soft coral","Pve","B","1",12H 16M 0S,7.07,25.7,107.2,13H 45M 0S,7.46,25.6,112.9,34.3,23.3,14H 16M 0S,6.52,25.8,99,15H 46M 0S,6.21,25.3,93.5,200,34.3,23.3,7.051835362,89,90,390,310,1.02549,4.4937202247191,269.623213483146,3.53224333333333,211.9346,20.4013999999999,6.79793333333319,249.221813483146,205.136666666667,454.358480149813,35.36176514,7.0477763905862,5.80108673462748,12.8488631252137
"113","Pve-B-1","10","1",2021-03-19,"B11","Amu","off-species","stony coral","Pve","B","1",12H 21M 0S,6.73,24.7,100,13H 51M 0S,7.11,25.8,107.6,34.3,23.6,15H 3M 0S,6.55,25.2,98.3,16H 33M 0S,6.21,25.5,93.7,195,34.5,23.5,7.004665894,90,90,380,340,1.01669,4.29269111111111,257.561466666667,3.84082888888889,230.449733333333,57.1763406593409,36.4522611008327,200.385126007326,193.997472232501,394.382598239826,35.36176514,5.66671729236324,5.48607999245652,11.1527972848198
"114","Pve-B-1","5","12",2021-04-01,"B2","Ssp","off-species","soft coral","Pve","B","1",12H 16M 0S,6.61,25.7,100.3,13H 48M 0S,7.11,25.4,107.6,34.6,23.3,14H 16M 0S,6.54,25.7,99.2,15H 47M 0S,6.18,25.5,93.5,197,34.4,23.5,6.897020096,92,91,500,360,1.02427,5.5666847826087,334.001086956522,4.05205714285715,243.123428571429,-22.9680399719493,6.65210869565203,356.969126928471,236.471319875777,593.440446804248,35.36176514,10.0947768165758,6.68720350750502,16.7819803240808
"115","Pve-B-1","5","14",2021-04-03,"B2","Csp","off-species","macroalgae","Pve","B","1",12H 16M 0S,6.64,25.7,100.4,13H 46M 0S,7.33,25.3,109.8,34.4,23.3,14H 19M 0S,6.48,25.5,97.5,15H 49M 0S,6.18,25.4,92.9,197,34.2,23.3,6.897020096,90,90,690,300.000000000001,1.02427,7.85273666666667,471.1642,3.41423333333334,204.854,34.0068666666668,6.80073333333319,437.157333333333,198.053266666667,635.210600000001,35.36176514,12.362429635585,5.60077433585566,17.9632039714407
"116","Pve-B-1","6","10",2021-03-30,"B4","Mdi","off-species","stony coral","Pve","B","1",12H 22M 0S,6.74,25.5,100.2,13H 52M 0S,7.29,25.4,108.4,23.4,23.2,14H 23M 0S,6.67,25.4,99.2,15H 55M 0S,6.3,25.4,93.8,200,34.4,23.3,6.878144835,90,92,550,370,1.02353,6.25490555555555,375.294333333333,4.11637065217391,246.982239130435,10.2013000000001,26.6143043478261,365.093033333333,220.367934782609,585.460968115942,35.36176514,10.3245138326071,6.23181376580481,16.5563275984119
"117","Pve-B-2","9","11",2021-03-31,"B10","Xsp","off-species","soft coral","Pve","B","2",12H 25M 0S,6.69,25.3,100.2,13H 57M 0S,7.15,25.4,107.4,34.6,23.3,14H 26M 0S,6.57,25.4,98.6,15H 58M 0S,6.21,25.5,93.1,195,34.4,23.5,7.024242937,92,92,460,360,1.02596,5.1298,307.788,4.01462608695653,240.877565217392,-9.97992391304327,32.9899429347828,317.767923913043,207.887622282609,525.655546195652,19.42261719,16.3607160046716,10.7033784504409,27.0640944551125
"118","Pve-B-2","5","2",2021-03-20,"B2","Mdi","off-species","stony coral","Pve","B","2",12H 22M 0S,6.74,25.5,100.7,13H 54M 0S,7.12,25.8,106.9,34.3,23.2,14H 26M 0S,6.63,25.3,98.8,15H 57M 0S,6.3,25.5,94.7,197,34.3,23.2,6.897020096,92,91,380,330,1.02427,4.23068043478261,253.840826086956,3.71438571428571,222.863142857143,43.396084687052,26.5777471949509,210.444741399904,196.285395662192,406.730137062096,19.42261719,10.8350352242053,10.1060219507005,20.9410571749057
"119","Pve-B-2","11","8",2021-03-28,"B12","Pve","within-species","stony coral","Pve","B","2",12H 29M 0S,6.54,25.8,98.4,13H 59M 0S,6.96,25.3,103.6,34.5,23.5,14H 30M 0S,6.55,24.8,96.7,16H 0M 0S,6.29,25.2,93.6,198,34.4,23.5,6.788963055,90,90,420,260,1.0185,4.753,285.18,2.94233333333333,176.54,47.6079333333329,34.0056666666665,237.572066666667,142.534333333333,380.1064,19.42261719,12.2317226531646,7.3385750199885,19.5702976731531
"120","Pve-B-2","9","15",2021-04-04,"B10","Hcn","off-species","sponge","Pve","B","2",12H 43M 0S,6.38,25.4,97.7,14H 13M 0S,6.89,25.7,105.5,34.4,23.5,14H 47M 0S,6.49,25.4,99,16H 17M 0S,6.17,25.7,64.8,195,34.2,23.7,7.024242937,90,90,510,320,1.02596,5.81377333333333,348.8264,3.64785777777778,218.871466666667,27.2049333333334,16.96586007326,321.621466666666,201.905606593407,523.527073260073,19.42261719,16.5591209217807,10.3953861942643,26.954507116045
"121","Pve-B-2","11","5",2021-03-24,"B12","Csp","off-species","macroalgae","Pve","B","2",12H 35M 0S,6.76,25.5,101.9,14H 7M 0S,7.16,25.9,108.5,34.1,23.5,14H 39M 0S,6.56,25.5,98.7,16H 10M 0S,6.26,25.7,94.6,198,34.2,23.3,6.788963055,92,91,400,300,1.0185,4.42826086956522,265.695652173913,3.35769230769231,201.461538461538,2.5889306636152,-6.30129949121199,263.106721510298,207.76283795275,470.869559463048,19.42261719,13.5464092679416,10.696953758617,24.2433630265586
"122","Pve-B-2","3","16",2021-04-05,"A11","Hsp","off-species","macroalgae","Pve","B","2",12H 12M 0S,6.73,25.2,102,13H 42M 0S,7.13,25.9,108.9,34.2,22.9,14H 12M 0S,6.53,25.5,99.5,15H 42M 0S,6.24,25.7,95.3,200,34.2,23.3,7.051835362,90,90,399.999999999999,290,1.02549,4.55773333333333,273.464,3.30435666666667,198.2614,23.8043666666668,37.4078333333331,249.659633333333,160.853566666667,410.5132,19.42261719,12.8540675487273,8.28176579361738,21.1358333423447
"123","Pve-B-2","9","4",2021-03-22,"B10","Ssp","off-species","soft coral","Pve","B","2",12H 26M 0S,6.76,24.7,100.2,13H 56M 0S,7.19,25.9,108.7,34.2,23.1,14H 33M 0S,6.61,25.1,98.7,16H 3M 0S,6.31,25.6,95.2,195,34.4,23.1,7.024242937,90,90,430.000000000001,300.000000000001,1.02596,4.9018088888889,294.108533333334,3.41986666666667,205.192,51.0097000000001,64.6107666666668,243.098833333334,140.581233333334,383.680066666667,19.42261719,12.5162757910142,7.23801699627349,19.7542927872877
"124","Pve-B-2","10","9",2021-03-29,"B11","Amu","off-species","stony coral","Pve","B","2",12H 31M 0S,6.76,25.2,100.6,14H 2M 0S,7.18,25.3,105.9,34.4,23.6,14H 37M 0S,6.63,25.3,98.6,16H 7M 0S,6.29,25.4,94.1,195,34.2,23.6,7.004665894,91,90,420,340,1.01669,4.69241538461538,281.544923076923,3.84082888888889,230.449733333333,10.2386732600733,9.87377419354847,271.30624981685,220.575959139785,491.882208956634,19.42261719,13.9685731929338,11.3566548206156,25.3252280135494
"125","Pve-C-1","1","1",2021-03-19,"A6","Amu","off-species","stony coral","Pve","C","1",12H 1M 0S,6.89,24.6,102.1,13H 32M 0S,7.17,25.7,108.3,34.3,23.6,14H 44M 0S,6.5,25.9,98.6,16H 18M 0S,6.3,25.5,95.4,199,34.5,23.5,6.950426225,91,94,280,200,1.02096,3.14141538461539,188.484923076923,2.17225531914894,130.335319148936,57.1763406593409,36.4522611008327,131.308582417582,93.8830580481036,225.191640465686,30.96395264,4.24069187626759,3.03201142113953,7.27270329740712
"126","Pve-C-1","5","6",2021-03-25,"B2","Hcn","off-species","sponge","Pve","C","1",12H 26M 0S,6.53,25.8,99.3,13H 57M 0S,7.4,26,112.5,34.2,23.5,14H 27M 0S,6.6,25.4,99.4,15H 59M 0S,6.25,25.7,94.6,197,34.4,23.6,6.897020096,91,92,870,350,1.02427,9.79247142857143,587.548285714286,3.89667934782608,233.800760869565,19.961804347826,6.6886658485275,567.58648136646,227.112095021038,794.698576387497,30.96395264,18.330556436559,7.33472556496707,25.6652820015261
"127","Pve-C-1","11","14",2021-04-03,"B12","Csp","off-species","macroalgae","Pve","C","1",12H 30M 0S,6.6,25.9,99.8,14H 0M 0S,7.34,25.3,110.1,34.4,23.3,14H 31M 0S,6.5,25.2,97.3,16H 1M 0S,6.16,25.4,92.7,198,34.2,23.3,6.788963055,90,90,740,340,1.0185,8.37433333333334,502.46,3.84766666666666,230.86,34.0068666666668,6.80073333333319,468.453133333333,224.059266666667,692.5124,30.96395264,15.1289836533393,7.23613258525726,22.3651162385966
"128","Pve-C-1","12","7",2021-03-27,"C4","Pve","within-species","stony coral","Pve","C","1",12H 39M 0S,6.83,25,102,14H 9M 0S,7.29,25.7,110.1,34.4,23.7,14H 40M 0S,6.62,25.2,99,16H 0M 0S,6.27,25.5,94.5,196,34.5,23.5,8.117810474,90,80,460,350.000000000001,1.01679,5.19692666666667,311.8156,4.44845625000001,266.907375,6.72639560439546,22.9538250000002,305.089204395604,243.95355,549.042754395605,30.96395264,9.8530445367457,7.87863076902059,17.7316753057663
"129","Pve-C-1","8","12",2021-04-01,"B9","Ssp","off-species","soft coral","Pve","C","1",12H 23M 0S,6.59,25.5,99.4,13H 54M 0S,7.17,25.4,108.2,34.6,23.3,14H 22M 0S,6.53,25.6,98.8,15H 53M 0S,6.18,25.5,93.6,202,34.4,23.5,6.579251631,91,91,580,350.000000000001,1.02544,6.53577142857143,392.146285714286,3.94400000000001,236.64,-22.9680399719493,6.65210869565203,415.114325686235,229.987891304348,645.102216990583,30.96395264,13.4063738732755,7.42760118445745,20.8339750577329
"130","Pve-C-1","3","10",2021-03-30,"A11","Mdi","off-species","stony coral","Pve","C","1",12H 16M 0S,6.77,25.7,101.3,13H 46M 0S,7.37,25.6,110,23.4,23.2,14H 17M 0S,6.65,25.4,99.1,15H 49M 0S,6.29,25.3,93.4,200,34.4,23.3,7.051835362,90,92,600.000000000001,360,1.02549,6.83660000000001,410.196,4.01278695652174,240.767217391305,10.2013000000001,26.6143043478261,399.9947,214.152913043478,614.147613043479,30.96395264,12.9180762110867,6.91620076846489,19.8342769795516
"131","Pve-C-1","7","13",2021-04-02,"B7","Hsp","off-species","macroalgae","Pve","C","1",12H 23M 0S,6.59,25.5,99.4,13H 55M 0S,7.16,25.4,107.3,34.3,23,14H 24M 0S,6.55,25.8,99.3,15H 55M 0S,6.18,25.5,93,199,34.3,22.9,6.989082655,92,91,570,370,1.023,6.33815217391304,380.289130434783,4.15945054945055,249.567032967033,25.6724657922723,-6.65289130434769,354.61666464251,256.219924271381,610.836588913891,30.96395264,11.4525644954129,8.2747809121885,19.7273454076014
"132","Pve-C-1","6","3",2021-03-21,"B4","Xsp","off-species","soft coral","Pve","C","1",12H 21M 0S,6.37,25.6,105.3,13H 51M 0S,7.46,25.9,113.6,34.3,23.3,14H 22M 0S,6.57,25.7,99.5,15H 52M 0S,6.21,25.6,93.6,200,34.3,23.3,6.878144835,90,90,1090,360,1.02353,12.3960855555556,743.765133333333,4.09412,245.6472,20.4013999999999,6.79793333333319,723.363733333333,238.849266666667,962.213,30.96395264,23.361479128439,7.71378478205382,31.0752639104928
"133","Pve-C-2","1","2",2021-03-20,"A6","Mdi","off-species","stony coral","Pve","C","2",12H 13M 0S,6.84,25.5,102.1,13H 45M 0S,7.33,25.5,109.8,34.3,23.2,14H 16M 0S,6.59,25.54,98.6,15H 49M 0S,6.25,25.3,93.3,199,34.3,23.2,6.950426225,92,93,490,340,1.02096,5.43772173913044,326.263304347826,3.73254193548387,223.952516129032,43.396084687052,26.5777471949509,282.867219660774,197.374768934081,480.241988594855,29.68304688,9.52958841470435,6.6494106798406,16.178999094545
"134","Pve-C-2","6","16",2021-04-05,"B4","Hsp","off-species","macroalgae","Pve","C","2",12H 18M 0S,6.66,25,100.6,13H 48M 0S,7.2,25.5,109.9,34.2,22.9,14H 19M 0S,6.65,25.4,101.2,15H 48M 0S,6.28,25.4,95.5,200,34.2,23.3,6.878144835,90,89,540,370,1.02353,6.14118,368.4708,4.25512471910113,255.307483146068,23.8043666666668,37.4078333333331,344.666433333333,217.899649812734,562.566083146068,29.68304688,11.6115584335638,7.34087880848755,18.9524372420513
"135","Pve-C-2","5","5",2021-03-24,"B2","Csp","off-species","macroalgae","Pve","C","2",12H 22M 0S,6.85,25.4,102.9,13H 54M 0S,7.36,25.9,111.4,34.1,23.5,14H 26M 0S,6.58,25.8,99.5,15H 57M 0S,6.24,25.7,94.2,197,34.2,23.3,6.897020096,92,91,510.000000000001,340,1.02427,5.67801847826088,340.681108695653,3.82694285714286,229.616571428571,2.5889306636152,-6.30129949121199,338.092178032037,235.917870919783,574.010048951821,29.68304688,11.3900766117052,7.94789941455577,19.337976026261
"136","Pve-C-2","3","4",2021-03-22,"A11","Ssp","off-species","soft coral","Pve","C","2",12H 12M 0S,6.85,24.5,101.2,13H 42M 0S,7.48,25.5,112.5,34.2,23.1,14H 18M 0S,6.6,25.4,99.4,15H 48M 0S,6.26,25.2,93.5,200,34.4,23.1,7.051835362,90,90,630.000000000001,340,1.02549,7.17843000000001,430.705800000001,3.87407333333333,232.4444,51.0097000000001,64.6107666666668,379.6961,167.833633333333,547.529733333334,29.68304688,12.7916821185845,5.65419156637916,18.4458736849636
"137","Pve-C-2","9","8",2021-03-28,"B10","Pve","within-species","stony coral","Pve","C","2",12H 25M 0S,6.63,26,99.8,13H 55M 0S,7.09,25.3,105.3,34.5,23.5,14H 26M 0S,6.52,24.9,96.7,15H 56M 0S,6.22,25.3,92.7,195,34.4,23.5,7.024242937,90,90,460,300,1.02596,5.24379555555555,314.627733333333,3.41986666666666,205.192,47.6079333333329,34.0056666666665,267.0198,171.186333333333,438.206133333334,29.68304688,8.9957005114564,5.76714156149099,14.7628420729474
"138","Pve-C-2","3","15",2021-04-04,"A11","Hcn","off-species","sponge","Pve","C","2",12H 31M 0S,6.4,25.5,98.1,14H 1M 0S,7.22,25.8,111.1,34.4,23.5,14H 34M 0S,6.48,25.8,99.9,16H 4M 0S,6.14,25.5,94.1,200,34.2,23.7,7.051835362,90,90,819.999999999999,340.000000000001,1.02549,9.34335333333333,560.6012,3.87407333333334,232.444400000001,27.2049333333334,16.96586007326,533.396266666666,215.47853992674,748.874806593407,29.68304688,17.9697275964639,7.25931339858264,25.2290409950465
"139","Pve-C-2","6","11",2021-03-31,"B4","Xsp","off-species","soft coral","Pve","C","2",12H 19M 0S,6.76,25.6,101.6,13H 51M 0S,7.53,25.4,113,34.6,23.3,14H 20M 0S,6.57,25.6,99,15H 51M 0S,6.26,25.5,94.24,200,34.4,23.5,6.878144835,92,91,770,310.000000000001,1.02353,8.56650108695653,513.990065217392,3.48675054945056,209.205032967033,-9.97992391304327,32.9899429347828,523.969989130435,176.215090032251,700.185079162685,29.68304688,17.6521632448547,5.93655667306114,23.5887199179158
"140","Pve-C-2","1","9",2021-03-29,"A6","Amu","off-species","stony coral","Pve","C","2",12H 9M 0S,6.8,25.7,101.3,13H 40M 0S,7.12,25.4,106,34.4,23.6,14H 15M 0S,6.61,25.6,98.8,15H 47M 0S,6.39,25.3,95,199,34.2,23.6,6.950426225,91,92,320,220.000000000001,1.02096,3.59018901098901,215.411340659341,2.44142608695653,146.485565217392,10.2386732600733,9.87377419354847,205.172667399268,136.611791023843,341.784458423111,29.68304688,6.91211613917943,4.60235068105122,11.5144668202306
"141","Pve-F-1","1","13",2021-04-02,"A6","Hsp","off-species","macroalgae","Pve","F","1",12H 10M 0S,6.74,25.4,101.1,13H 40M 0S,7.13,25.6,107.5,34.3,23,14H 11M 0S,6.56,26,99.6,15H 43M 0S,6.22,25.4,93.5,199,34.3,22.9,6.950426225,90,92,390,340,1.02096,4.42416,265.4496,3.77311304347826,226.386782608696,25.6724657922723,-6.65289130434769,239.777134207728,233.039673913043,472.816808120771,25.50249268,9.40210579477078,9.13791749054404,18.5400232853148
"142","Pve-F-1","11","7",2021-03-27,"B12","Pve","within-species","stony coral","Pve","F","1",12H 37M 0S,6.86,25.2,102.6,14H 7M 0S,7.4,24.3,109.3,34.4,23.7,14H 38M 0S,6.61,25.3,99,15H 58M 0S,6.27,25.2,93.8,198,34.5,23.5,6.788963055,90,80,540,340.000000000001,1.0185,6.111,366.66,4.32862500000001,259.717500000001,6.72639560439546,22.9538250000002,359.933604395605,236.763675,596.697279395605,25.50249268,14.1136636685667,9.28394247459893,23.3976061431656
"143","Pve-F-1","8","14",2021-04-03,"B9","Csp","off-species","macroalgae","Pve","F","1",12H 23M 0S,6.68,25.3,100,13H 53M 0S,7.44,25.3,111.5,34.4,23.3,14H 25M 0S,6.5,25.3,97.6,15H 55M 0S,6.2,25.4,93.1,202,34.2,23.3,6.579251631,90,90,760.000000000001,300,1.02544,8.65927111111112,519.556266666667,3.41813333333333,205.088,34.0068666666668,6.80073333333319,485.5494,198.287266666667,683.836666666667,25.50249268,19.039291809337,7.77521119816538,26.8145030075024
"144","Pve-F-1","7","1",2021-03-19,"B7","Amu","off-species","stony coral","Pve","F","1",12H 14M 0S,6.78,24.8,100.6,13H 45M 0S,7.51,25.8,113.5,34.3,23.6,14H 57M 0S,6.51,25.5,97.7,16H 27M 0S,6.15,25.5,92.7,199,34.5,23.5,6.989082655,91,90,730,359.999999999999,1.023,8.20648351648351,492.389010989011,4.09199999999999,245.52,57.1763406593409,36.4522611008327,435.21267032967,209.067738899167,644.280409228837,25.50249268,17.0654953533613,8.19793349311009,25.2634288464714
"145","Pve-F-1","11","6",2021-03-25,"B12","Hcn","off-species","sponge","Pve","F","1",12H 38M 0S,6.53,25.3,98.3,14H 9M 0S,7.12,26,108.8,34.2,23.5,14H 39M 0S,6.62,25.1,99.3,16H 10M 0S,6.29,25.6,95,198,34.4,23.6,6.788963055,91,91,590,330,1.0185,6.60346153846154,396.207692307692,3.69346153846154,221.607692307692,19.961804347826,6.6886658485275,376.245887959866,214.919026459165,591.164914419031,25.50249268,14.7532985375556,8.42737332212675,23.1806718596823
"146","Pve-F-1","9","3",2021-03-21,"B10","Xsp","off-species","soft coral","Pve","F","1",12H 27M 0S,6.93,25.3,104.2,13H 57M 0S,7.43,25.9,113.2,34.3,23.3,14H 28M 0S,6.64,25.4,99.8,15H 58M 0S,6.26,25.6,94.9,195,34.3,23.3,7.024242937,90,90,500,380,1.02596,5.69977777777778,341.986666666667,4.33183111111111,259.909866666667,20.4013999999999,6.79793333333319,321.585266666667,253.111933333333,574.6972,25.50249268,12.609954277876,9.92498798095267,22.5349422588286
"147","Pve-F-1","11","12",2021-04-01,"B12","Ssp","off-species","soft coral","Pve","F","1",12H 29M 0S,6.56,25.2,98.5,14H 1M 0S,6.95,25.4,105.2,34.6,23.3,14H 28M 0S,6.55,25.4,99,15H 59M 0S,6.18,25.5,93.4,198,34.4,23.5,6.788963055,92,91,390.000000000001,370,1.0185,4.31755434782609,259.053260869566,4.14115384615385,248.469230769231,-22.9680399719493,6.65210869565203,282.021300841515,241.817122073579,523.838422915094,25.50249268,11.0585778566927,9.48209749956014,20.5406753562528
"148","Pve-F-1","9","10",2021-03-30,"B10","Mdi","off-species","stony coral","Pve","F","1",12H 28M 0S,6.71,25.2,99.2,13H 58M 0S,7.43,25.4,110.8,23.4,23.2,14H 29M 0S,6.6,25.5,99,16H 1M 0S,6.3,25.4,93.9,195,34.4,23.3,7.024242937,90,92,720,300,1.02596,8.20768,492.4608,3.34552173913043,200.731304347826,10.2013000000001,26.6143043478261,482.2595,174.117,656.3765,25.50249268,18.9102887333914,6.8274502490711,25.7377389824625
"149","Pve-F-2","6","15",2021-04-04,"B4","Hcn","off-species","sponge","Pve","F","2",12H 37M 0S,6.39,25.3,97.4,14H 7M 0S,7.16,25.7,110.2,34.4,23.5,14H 41M 0S,6.52,25.6,99.8,16H 11M 0S,6.19,25.7,94.6,200,34.2,23.7,6.878144835,90,90,770,329.999999999999,1.02353,8.75686777777778,525.412066666667,3.75294333333332,225.176599999999,27.2049333333334,16.96586007326,498.207133333334,208.210739926739,706.417873260073,31.69138184,15.7205872514057,6.56994828997774,22.2905355413834
"150","Pve-F-2","12","8",2021-03-28,"C4","Pve","within-species","stony coral","Pve","F","2",12H 31M 0S,6.58,25.6,98.3,14H 1M 0S,6.95,25.8,104.5,34.5,23.5,14H 32M 0S,6.57,24.7,96.9,16H 2M 0S,6.21,25.6,92.8,196,34.4,23.5,8.117810474,90,90,370,360,1.01679,4.18013666666667,250.8082,4.06716,244.0296,47.6079333333329,34.0056666666665,203.200266666667,210.023933333334,413.224200000001,31.69138184,6.41184621398217,6.62716237473266,13.0390085887148
"151","Pve-F-2","2","5",2021-03-24,"A7","Csp","off-species","macroalgae","Pve","F","2",12H 16M 0S,6.95,25.4,104.2,13H 47M 0S,7.57,25.4,113.3,34.1,23.5,14H 20M 0S,6.56,25.9,99.3,15H 53M 0S,6.26,25.2,93.7,195,34.2,23.3,6.874382174,91,93,620,300,1.02281,6.96859560439561,418.115736263736,3.29938709677419,197.963225806452,2.5889306636152,-6.30129949121199,415.526805600121,204.264525297664,619.791330897785,31.69138184,13.1116657423771,6.44542817125905,19.5570939136362
"152","Pve-F-2","12","16",2021-04-05,"C4","Hsp","off-species","macroalgae","Pve","F","2",12H 30M 0S,6.61,25.2,100.4,14H 0M 0S,7.07,25.8,108.4,34.2,22.9,14H 30M 0S,6.6,25.1,99.8,16H 0M 0S,6.22,25.6,95,196,34.2,23.3,8.117810474,90,90,460,380,1.01679,5.19692666666667,311.8156,4.29311333333333,257.5868,23.8043666666668,37.4078333333331,288.011233333333,220.178966666667,508.1902,31.69138184,9.08799858546443,6.94759754491875,16.0355961303832
"153","Pve-F-2","12","4",2021-03-22,"C4","Ssp","off-species","soft coral","Pve","F","2",12H 34M 0S,6.74,24.8,99.7,14H 4M 0S,7.25,25.8,109.3,34.2,23.1,14H 41M 0S,6.61,24.9,98.5,16H 11M 0S,6.24,25.5,94,196,34.4,23.1,8.117810474,90,90,510,370,1.01679,5.76181,345.7086,4.18013666666667,250.8082,51.0097000000001,64.6107666666668,294.6989,186.197433333333,480.896333333333,31.69138184,9.29902335871132,5.87533337212579,15.1743567308371
"154","Pve-F-2","3","11",2021-03-31,"A11","Xsp","off-species","soft coral","Pve","F","2",12H 13M 0S,6.83,25.8,103.1,13H 45M 0S,7.51,25.6,113,34.6,23.3,14H 14M 0S,6.55,25.6,98.8,15H 47M 0S,6.19,25.4,93.1,200,34.4,23.5,7.051835362,92,93,680,359.999999999999,1.02549,7.57970869565217,454.78252173913,3.96963870967741,238.178322580645,-9.97992391304327,32.9899429347828,464.762445652174,205.188379645862,669.950825298036,31.69138184,14.6652628780473,6.47457976688409,21.1398426449314
"155","Pve-F-2","4","9",2021-03-29,"A12","Amu","off-species","stony coral","Pve","F","2",12H 17M 0S,6.78,25.5,101,13H 47M 0S,7.27,25.5,108.7,34.4,23.6,14H 23M 0S,6.63,25.5,99,15H 53M 0S,6.32,25.3,93.8,198,34.2,23.6,7.370305346,90,90,489.999999999999,310,1.0268,5.59035555555555,335.421333333333,3.53675555555555,212.205333333333,10.2386732600733,9.87377419354847,325.182660073259,202.331559139785,527.514219213044,31.69138184,10.2609176751903,6.38443473879726,16.6453524139875
"156","Pve-F-2","8","2",2021-03-20,"B9","Mdi","off-species","stony coral","Pve","F","2",12H 28M 0S,6.75,25.2,100.7,14H 1M 0S,7.31,25.9,110.2,34.3,23.2,14H 31M 0S,6.7,25.1,99.7,16H 2M 0S,6.32,25.5,94.4,202,34.3,23.2,6.579251631,93,91,560,380,1.02544,6.17469247311828,370.481548387097,4.28205714285714,256.923428571429,43.396084687052,26.5777471949509,327.085463700045,230.345681376478,557.431145076522,31.69138184,10.3209593494975,7.26840131299486,17.5893606624924
"157","Spi-A-1","11","3",2021-03-21,"B12","Xsp","off-species","soft coral","Spi","A","1",12H 31M 0S,6.93,25.1,103.9,14H 1M 0S,7.63,25.9,116.3,34.3,23.3,14H 32M 0S,6.57,25.4,99,16H 2M 0S,6.14,25.5,92.8,198,34.3,23.3,6.788963055,90,90,700,430.000000000001,1.0185,7.92166666666667,475.3,4.86616666666667,291.97,20.4013999999999,6.79793333333319,454.8986,285.172066666667,740.070666666667,13.19037231,34.4871690736984,21.6197132245062,56.1068822982046
"158","Spi-A-1","11","13",2021-04-02,"B12","Hsp","off-species","macroalgae","Spi","A","1",12H 31M 0S,6.43,25.5,96.9,14H 3M 0S,7.23,25.4,108.3,34.3,23,14H 32M 0S,6.44,25.5,96.7,16H 3M 0S,6.15,25.5,92.6,198,34.3,22.9,6.788963055,92,91,800.000000000001,290,1.0185,8.85652173913044,531.391304347826,3.24576923076923,194.746153846154,25.6724657922723,-6.65289130434769,505.718838555554,201.399045150502,707.117883706056,13.19037231,38.3399972851528,15.2686399153279,53.6086372004806
"159","Spi-A-1","9","12",2021-04-01,"B10","Ssp","off-species","soft coral","Spi","A","1",12H 25M 0S,6.57,25.4,99,13H 56M 0S,7.17,25.4,108.1,34.6,23.3,14H 24M 0S,6.54,25.5,98.8,15H 55M 0S,6.13,25.5,92.8,195,34.4,23.5,7.024242937,91,91,600,410,1.02596,6.76457142857142,405.874285714285,4.62245714285714,277.347428571429,-22.9680399719493,6.65210869565203,428.842325686235,270.695319875777,699.537645562011,13.19037231,32.5117680993066,20.5221894813807,53.0339575806872
"160","Spi-A-1","12","14",2021-04-03,"C4","Csp","off-species","macroalgae","Spi","A","1",12H 32M 0S,6.64,25.8,100.1,14H 2M 0S,7.25,25.8,109.5,34.4,23.3,14H 33M 0S,6.5,25.1,97.2,16H 3M 0S,6.13,25.6,92.5,196,34.2,23.3,8.117810474,90,90,610,370,1.01679,6.89157666666667,413.4946,4.18013666666667,250.8082,34.0068666666668,6.80073333333319,379.487733333333,244.007466666667,623.4952,13.19037231,28.7700547349701,18.4989066974006,47.2689614323707
"161","Spi-A-1","6","1",2021-03-19,"B4","Amu","off-species","stony coral","Spi","A","1",12H 12M 0S,6.78,24.9,101.1,13H 42M 0S,7.53,25.8,114.3,34.3,23.6,14H 55M 0S,6.51,25.5,98,16H 25M 0S,6.11,25.5,91.8,200,34.5,23.5,6.878144835,90,90,750,399.999999999999,1.02353,8.52941666666667,511.765,4.54902222222222,272.941333333333,57.1763406593409,36.4522611008327,454.588659340659,236.4890722325,691.077731573159,13.19037231,34.4636715823421,17.9289156268327,52.3925872091748
"162","Spi-A-1","3","6",2021-03-25,"A11","Hcn","off-species","sponge","Spi","A","1",12H 22M 0S,6.55,25.8,99.2,13H 54M 0S,7.46,25.6,112.6,34.2,23.5,14H 23M 0S,6.6,25.4,99.5,15H 54M 0S,6.21,5.2,93.5,200,34.4,23.6,7.051835362,92,91,910,390,1.02549,10.1434336956522,608.606021739131,4.39495714285714,263.697428571428,19.961804347826,6.6886658485275,588.644217391305,257.008762722901,845.652980114206,13.19037231,44.6268083687855,19.4845722836841,64.1113806524697
"163","Spi-A-1","10","10",2021-03-30,"B11","Mdi","off-species","stony coral","Spi","A","1",12H 30M 0S,6.66,25.2,98.8,14H 0M 0S,7.45,25.4,110.7,23.4,23.2,14H 31M 0S,6.6,25.4,98.8,16H 3M 0S,6.25,25.4,92.9,195,34.4,23.3,7.004665894,90,92,790,350,1.01669,8.92427888888889,535.456733333333,3.86784239130434,232.070543478261,10.2013000000001,26.6143043478261,525.255433333333,205.456239130435,730.711672463768,13.19037231,39.8211226331437,15.5762274408791,55.3973500740229
"164","Spi-A-1","8","7",2021-03-27,"B9","Spi","within-species","stony coral","Spi","A","1",12H 26M 0S,7.06,25.5,106.4,13H 56M 0S,7.63,24.1,112.3,34.3,23.1,14H 32M 0S,6.4,26.9,98.4,15H 52M 0S,6.08,25.2,90.8,202,34.4,23.1,6.579251631,90,80,570,320,1.02544,6.49445333333334,389.6672,4.10176,246.1056,-13.622933333333,-38.7994936708859,403.290133333333,284.905093670886,688.195227004219,13.19037231,30.5745830258019,21.5994732351028,52.1740562609047
"165","Spi-A-2","7","5",2021-03-24,"B7","Csp","off-species","macroalgae","Spi","A","2",12H 26M 0S,6.81,25.3,102,13H 58M 0S,7.49,26,113.6,34.1,23.5,14H 30M 0S,6.58,25.8,99.3,16H 1M 0S,6.18,25.7,93.4,199,34.2,23.3,6.989082655,92,91,680.000000000001,400,1.023,7.56130434782609,453.678260869566,4.4967032967033,269.802197802198,2.5889306636152,-6.30129949121199,451.08933020595,276.10349729341,727.19282749936,20.57053711,21.9289038392032,13.4222794386437,35.3511832778469
"166","Spi-A-2","1","8",2021-03-28,"A6","Spi","within-species","stony coral","Spi","A","2",12H 8M 0S,6.92,25.3,103.1,13H 40M 0S,7.71,25.5,115.4,34.6,23.3,14H 10M 0S,6.4,26,96.2,15H 42M 0S,6.1,25.3,90.7,199,34.7,23.1,6.950426225,92,92,790,300.000000000001,1.02096,8.76693913043478,526.016347826087,3.32921739130436,199.753043478261,-33.2703260869564,61.2173999999999,559.286673913043,138.535643478261,697.822317391305,20.57053711,27.1887248700549,6.73466340414198,33.9233882741968
"167","Spi-A-2","7","2",2021-03-20,"B7","Mdi","off-species","stony coral","Spi","A","2",12H 26M 0S,6.76,25.5,100.8,13H 59M 0S,7.32,25.8,109.9,34.3,23.2,14H 29M 0S,6.69,25.2,99.8,16H 0M 0S,6.33,25.5,94.9,199,34.3,23.2,6.989082655,93,91,560,360,1.023,6.16,369.6,4.04703296703297,242.821978021978,43.396084687052,26.5777471949509,326.203915312948,216.244230827027,542.448146139976,20.57053711,15.857821969771,10.5123278828682,26.3701498526392
"168","Spi-A-2","8","9",2021-03-29,"B9","Amu","off-species","stony coral","Spi","A","2",12H 26M 0S,6.76,25.2,100.6,13H 56M 0S,7.31,25.4,108.9,34.4,23.6,14H 33M 0S,6.66,25.3,99.3,16H 3M 0S,6.31,25.4,94.1,202,34.2,23.6,6.579251631,90,90,550,350.000000000001,1.02544,6.26657777777778,375.994666666667,3.98782222222223,239.269333333334,10.2386732600733,9.87377419354847,365.755993406593,229.395559139785,595.151552546379,20.57053711,17.7805757550583,11.1516562699896,28.9322320250479
"169","Spi-A-2","2","16",2021-04-05,"A7","Hsp","off-species","macroalgae","Spi","A","2",12H 10M 0S,6.73,25.2,102.3,13H 40M 0S,7.33,25.8,112.2,34.2,22.9,14H 10M 0S,6.54,25.5,99.6,15H 40M 0S,6.19,25.7,94.6,195,34.2,23.3,6.874382174,90,90,600,350,1.02281,6.81873333333333,409.124,3.97759444444444,238.655666666666,23.8043666666668,37.4078333333331,385.319633333333,201.247833333333,586.567466666666,20.57053711,18.731627243025,9.7833047458688,28.5149319888938
"170","Spi-A-2","1","15",2021-04-04,"A6","Hcn","off-species","sponge","Spi","A","2",12H 26M 0S,6.42,25.6,98.5,13H 56M 0S,7.11,25.7,109.2,34.4,23.5,14H 30M 0S,6.48,25.9,99.8,16H 1M 0S,6.18,25.5,94.3,199,34.2,23.7,6.950426225,90,91,690,300.000000000001,1.02096,7.82736,469.6416,3.36580219780221,201.948131868132,27.2049333333334,16.96586007326,442.436666666667,184.982271794872,627.418938461539,20.57053711,21.5082700223508,8.99258346078608,30.5008534831368
"171","Spi-A-2","7","4",2021-03-22,"B7","Ssp","off-species","soft coral","Spi","A","2",12H 21M 0S,6.8,24.6,100.4,13H 51M 0S,7.39,25.9,112.1,34.2,23.1,14H 28M 0S,6.61,25.3,99,15H 58M 0S,6.22,25.6,93.8,199,34.4,23.1,6.989082655,90,90,590,390.000000000001,1.023,6.70633333333333,402.38,4.43300000000001,265.98,51.0097000000001,64.6107666666668,351.3703,201.369233333334,552.739533333333,20.57053711,17.081240908833,9.78920639050506,26.8704472993381
"172","Spi-A-2","10","11",2021-03-31,"B11","Xsp","off-species","soft coral","Spi","A","2",12H 27M 0S,6.72,25.1,100.3,13H 59M 0S,7.11,25.5,106.8,34.6,23.3,14H 28M 0S,6.56,25.4,98.6,15H 59M 0S,6.21,25.5,93.5,195,34.4,23.5,7.004665894,92,91,390.000000000001,350,1.01669,4.30988152173914,258.592891304348,3.91034615384615,234.620769230769,-9.97992391304327,32.9899429347828,268.572815217391,201.630826295986,470.203641513378,20.57053711,13.0561887509894,9.80192326616338,22.8581120171527
"173","Spi-B-1","5","3",2021-03-21,"B2","Xsp","off-species","soft coral","Spi","B","1",12H 19M 0S,7,25.6,105.7,13H 49M 0S,7.45,25.8,112.7,34.3,23.3,14H 20M 0S,6.52,25.7,99,15H 50M 0S,6.2,25.6,93.8,197,34.3,23.3,6.897020096,90,90,450,319.999999999999,1.02427,5.12135,307.281,3.64184888888888,218.510933333333,20.4013999999999,6.79793333333319,286.8796,211.713,498.5926,15.01351318,19.1080925936883,14.1014962628487,33.209588856537
"174","Spi-B-1","5","13",2021-04-02,"B2","Hsp","off-species","macroalgae","Spi","B","1",12H 19M 0S,6.55,25.4,98.2,13H 50M 0S,7.15,25.3,106.9,34.3,23,14H 20M 0S,6.57,25.9,99.6,15H 51M 0S,6.27,25.5,94.5,197,34.3,22.9,6.897020096,91,91,600.000000000001,300.000000000001,1.02427,6.75342857142858,405.205714285715,3.37671428571429,202.602857142858,25.6724657922723,-6.65289130434769,379.533248493442,209.255748447205,588.788996940648,15.01351318,25.2794428554558,13.9378269388648,39.2172697943206
"175","Spi-B-1","6","7",2021-03-27,"B4","Spi","within-species","stony coral","Spi","B","1",12H 20M 0S,6.97,25.8,105.9,13H 50M 0S,7.49,24,109.7,34.3,23.1,14H 28M 0S,6.46,27.2,100,15H 48M 0S,6.18,25.2,92.3,200,34.4,23.1,6.878144835,90,80,520,280,1.02353,5.91372888888889,354.823733333334,3.582355,214.9413,-13.622933333333,-38.7994936708859,368.446666666667,253.740793670886,622.187460337553,15.01351318,24.5410026453693,16.9008273166139,41.4418299619831
"176","Spi-B-1","9","14",2021-04-03,"B10","Csp","off-species","macroalgae","Spi","B","1",12H 25M 0S,6.64,25.5,99.8,13H 55M 0S,7.13,25.3,106.4,34.4,23.3,14H 27M 0S,6.52,25.3,97.7,15H 57M 0S,6.21,25.4,93.4,195,34.2,23.3,7.024242937,90,90,490,310,1.02596,5.58578222222222,335.146933333333,3.53386222222222,212.031733333333,34.0068666666668,6.80073333333319,301.140066666667,205.231,506.371066666666,15.01351318,20.0579346789947,13.6697518788204,33.7276865578151
"177","Spi-B-1","12","6",2021-03-25,"C4","Hcn","off-species","sponge","Spi","B","1",12H 40M 0S,6.53,25.1,97.9,14H 11M 0S,6.93,25.8,105.4,34.2,23.5,14H 42M 0S,6.6,25.1,99.1,16H 13M 0S,6.34,25.5,95.8,196,34.4,23.6,8.117810474,91,91,399.999999999999,260,1.01679,4.46940659340659,268.164395604395,2.90511428571428,174.306857142857,19.961804347826,6.6886658485275,248.202591256569,167.61819129433,415.820782550899,15.01351318,16.5319461395091,11.1644882370117,27.6964343765207
"178","Spi-B-1","12","12",2021-04-01,"C4","Ssp","off-species","soft coral","Spi","B","1",12H 31M 0S,6.55,25.2,98.3,14H 3M 0S,6.85,25.9,104,34.6,23.3,14H 30M 0S,6.54,25.4,98.8,16H 1M 0S,6.23,25.7,94.3,196,34.4,23.5,8.117810474,92,91,300,310,1.01679,3.31561956521739,198.937173913043,3.46379010989011,207.827406593406,-22.9680399719493,6.65210869565203,221.905213884993,201.175297897754,423.080511782747,15.01351318,14.780365609603,13.3996150991326,28.1799807087356
"179","Spi-B-1","4","10",2021-03-30,"A12","Mdi","off-species","stony coral","Spi","B","1",12H 18M 0S,6.75,25.6,100.8,13H 48M 0S,7.23,25.6,107.7,23.4,23.2,14H 19M 0S,6.65,25.4,99.2,15H 51M 0S,6.31,25.3,93.8,198,34.4,23.3,7.370305346,90,92,480,340.000000000001,1.0268,5.47626666666667,328.576,3.79469565217392,227.681739130435,10.2013000000001,26.6143043478261,318.3747,201.067434782609,519.442134782609,15.01351318,21.2058760786328,13.3924306970641,34.5983067756969
"180","Spi-B-1","9","1",2021-03-19,"B10","Amu","off-species","stony coral","Spi","B","1",12H 19M 0S,6.73,24.7,100,13H 49M 0S,7.18,25.8,109.2,34.3,23.6,15H 1M 0S,6.56,25.3,98.4,16H 31M 0S,6.19,25.6,93.3,195,34.5,23.5,7.024242937,90,90,449.999999999999,369.999999999999,1.02596,5.12979999999999,307.788,4.21783555555555,253.070133333333,57.1763406593409,36.4522611008327,250.611659340659,216.6178722325,467.229531573159,15.01351318,16.6924061234719,14.4281934305066,31.1205995539785
"181","Spi-B-2","2","9",2021-03-29,"A7","Amu","off-species","stony coral","Spi","B","2",12H 12M 0S,6.8,25.7,101.3,13H 43M 0S,7.12,25.5,106,34.4,23.6,14H 17M 0S,6.61,25.6,98.8,15H 48M 0S,6.38,25.2,94.7,195,34.2,23.6,6.874382174,91,91,320,230,1.02281,3.59669450549451,215.80167032967,2.58512417582418,155.107450549451,10.2386732600733,9.87377419354847,205.562997069597,145.233676355902,350.7966734255,19.23969971,10.6843142132179,7.54864569328054,18.2329599064984
"182","Spi-B-2","10","2",2021-03-20,"B11","Mdi","off-species","stony coral","Spi","B","2",12H 33M 0S,6.69,25.3,99.8,14H 5M 0S,7.19,25.9,107.9,34.3,23.2,14H 35M 0S,6.66,25,99,16H 6M 0S,6.31,25.6,94.8,195,34.3,23.2,7.004665894,92,91,500,350.000000000001,1.01669,5.52548913043478,331.529347826087,3.91034615384616,234.62076923077,43.396084687052,26.5777471949509,288.133263139035,208.043022035819,496.176285174853,19.23969971,14.9759750662468,10.8132156515773,25.789190717824
"183","Spi-B-2","3","8",2021-03-28,"A11","Spi","within-species","stony coral","Spi","B","2",12H 13M 0S,6.85,25.1,101.7,13H 43M 0S,7.21,25.5,107.8,34.6,23.3,14H 14M 0S,6.47,25.6,97.4,15H 45M 0S,6.14,25.3,91.6,200,34.7,23.1,7.051835362,90,91,360,330,1.02549,4.10196,246.1176,3.71880989010989,223.128593406593,-33.2703260869564,61.2173999999999,279.387926086957,161.911193406594,441.29911949355,19.23969971,14.5214286240519,8.41547403790501,22.9369026619569
"184","Spi-B-2","11","16",2021-04-05,"B12","Hsp","off-species","macroalgae","Spi","B","2",12H 28M 0S,6.57,25.3,99.7,13H 58M 0S,7.07,25.6,107.4,34.2,22.9,14H 28M 0S,6.6,25.1,100,15H 58M 0S,6.2,25.5,94.4,198,34.2,23.3,6.788963055,90,90,500,399.999999999999,1.0185,5.65833333333333,339.5,4.52666666666666,271.6,23.8043666666668,37.4078333333331,315.695633333333,234.192166666667,549.8878,19.23969971,16.4085530487385,12.1723400155223,28.5808930642608
"185","Spi-B-2","7","11",2021-03-31,"B7","Xsp","off-species","soft coral","Spi","B","2",12H 21M 0S,6.76,25.4,101.4,13H 53M 0S,7.16,25.4,107.3,34.6,23.3,14H 22M 0S,6.57,25.5,98.8,15H 53M 0S,6.28,25.5,94.6,199,34.4,23.5,6.989082655,92,91,400,290,1.023,4.44782608695653,266.869565217392,3.26010989010989,195.606593406593,-9.97992391304327,32.9899429347828,276.849489130435,162.616650471811,439.466139602245,19.23969971,14.3894911720758,8.45214077781522,22.841631949891
"186","Spi-B-2","4","4",2021-03-22,"A12","Ssp","off-species","soft coral","Spi","B","2",12H 14M 0S,6.85,24.5,101.2,13H 44M 0S,7.29,25.5,109.4,34.2,23.1,14H 20M 0S,6.6,25.4,99.1,15H 50M 0S,6.27,25.2,92.5,198,34.4,23.1,7.370305346,90,90,440,330,1.0268,5.01991111111112,301.194666666667,3.76493333333333,225.896,51.0097000000001,64.6107666666668,250.184966666667,161.285233333333,411.4702,19.23969971,13.0035796003942,8.382939222773,21.3865188231672
"187","Spi-B-2","4","15",2021-04-04,"A12","Hcn","off-species","sponge","Spi","B","2",12H 33M 0S,6.39,25.4,98,14H 3M 0S,6.89,25.8,105.7,34.4,23.5,14H 36M 0S,6.48,25.8,99.8,16H 6M 0S,6.19,25.6,94.7,198,34.2,23.7,7.370305346,90,90,500,290,1.0268,5.70444444444444,342.266666666667,3.30857777777778,198.514666666667,27.2049333333334,16.96586007326,315.061733333333,181.548806593407,496.61053992674,19.23969971,16.3756055490605,9.43615593433847,25.8117614833989
"188","Spi-B-2","4","5",2021-03-24,"A12","Csp","off-species","macroalgae","Spi","B","2",12H 20M 0S,6.89,25.5,103.2,13H 52M 0S,7.32,25.4,1102,34.1,23.5,14H 24M 0S,6.56,25.9,99.3,15H 55M 0S,6.29,25.2,94.4,198,34.2,23.3,7.370305346,92,91,430.000000000001,270,1.0268,4.79917391304348,287.950434782609,3.04654945054945,182.792967032967,2.5889306636152,-6.30129949121199,285.361504118994,189.094266524179,474.455770643173,19.23969971,14.8319104986173,9.82833772742801,24.6602482260453
"189","Spi-C-1","7","7",2021-03-27,"B7","Spi","within-species","stony coral","Spi","C","1",12H 24M 0S,7.08,25.7,106.9,13H 54M 0S,7.37,24,108,34.3,23.1,14H 30M 0S,6.43,27.1,99.2,15H 50M 0S,6.19,25.2,92.8,199,34.4,23.1,6.989082655,90,80,290,239.999999999999,1.023,3.29633333333333,197.78,3.06899999999999,184.139999999999,-13.622933333333,-38.7994936708859,211.402933333333,222.939493670885,434.342427004218,14.03058716,15.0672905504643,15.8895341391319,30.9568246895961
"190","Spi-C-1","6","12",2021-04-01,"B4","Ssp","off-species","soft coral","Spi","C","1",12H 18M 0S,6.6,25.7,99.9,13H 50M 0S,6.9,25.4,103.6,34.6,23.3,14H 18M 0S,6.55,25.6,99.2,15H 49M 0S,6.3,25.5,95.6,200,34.4,23.5,6.878144835,92,91,300.000000000001,250,1.02353,3.33759782608696,200.255869565218,2.8118956043956,168.713736263736,-22.9680399719493,6.65210869565203,223.223909537167,162.061627568084,385.285537105251,14.03058716,15.9098052698435,11.5505948339859,27.4604001038294
"191","Spi-C-1","1","10",2021-03-30,"A6","Mdi","off-species","stony coral","Spi","C","1",12H 12M 0S,6.81,25.8,101.9,13H 42M 0S,6.94,25.4,103.4,23.4,23.2,14H 13M 0S,6.62,25.4,99,15H 45M 0S,6.48,25.3,96.2,199,34.4,23.3,6.950426225,90,92,130.000000000001,140,1.02096,1.47472000000001,88.4832000000005,1.55363478260869,93.2180869565215,10.2013000000001,26.6143043478261,78.2819000000004,66.6037826086954,144.885682608696,14.03058716,5.57937448428213,4.74704172029073,10.3264162045729
"192","Spi-C-1","12","1",2021-03-19,"C4","Amu","off-species","stony coral","Spi","C","1",12H 25M 0S,6.7,25.5,100.4,13H 56M 0S,7.17,25.8,108.6,34.3,23.6,15H 7M 0S,6.59,25,98.4,16H 37M 0S,6.22,25.5,93.9,196,34.5,23.5,8.117810474,91,90,470,370,1.01679,5.25155274725275,315.093164835165,4.18013666666667,250.8082,57.1763406593409,36.4522611008327,257.916824175824,214.355938899167,472.272763074991,14.03058716,18.3824683339784,15.2777596870841,33.6602280210625
"193","Spi-C-1","3","14",2021-04-03,"A11","Csp","off-species","macroalgae","Spi","C","1",12H 12M 0S,6.68,25.8,100.8,13H 42M 0S,7.04,25.8,105.8,34.4,23.3,14H 15M 0S,6.5,25.5,97.7,15H 45M 0S,6.2,25.6,93.8,200,34.2,23.3,7.051835362,90,90,360,300,1.02549,4.10196,246.1176,3.4183,205.098,34.0068666666668,6.80073333333319,212.110733333333,198.297266666667,410.408,14.03058716,15.1177374770204,14.133212274394,29.2509497514144
"194","Spi-C-1","6","6",2021-03-25,"B4","Hcn","off-species","sponge","Spi","C","1",12H 29M 0S,6.55,25.8,99.3,14H 0M 0S,7.01,26,107,34.2,23.5,14H 29M 0S,6.58,25.3,99.3,16H 1M 0S,6.38,25.7,96.6,200,34.4,23.6,6.878144835,91,92,460,200,1.02353,5.17388791208791,310.433274725275,2.22506521739131,133.503913043478,19.961804347826,6.6886658485275,290.471470377449,126.815247194951,417.2867175724,14.03058716,20.7027309024927,9.03848468697663,29.7412155894693
"195","Spi-C-1","2","3",2021-03-21,"A7","Xsp","off-species","soft coral","Spi","C","1",12H 13M 0S,7.11,25.8,108.1,13H 43M 0S,7.5,25.6,113.7,34.3,23.3,14H 14M 0S,6.5,25.9,98.9,15H 44M 0S,6.26,25.3,94.4,195,34.3,23.3,6.874382174,90,90,390,240,1.02281,4.43217666666666,265.9306,2.72749333333334,163.6496,20.4013999999999,6.79793333333319,245.5292,156.851666666667,402.380866666667,14.03058716,17.4995669960258,11.1792660476703,28.6788330436961
"196","Spi-C-1","2","13",2021-04-02,"A7","Hsp","off-species","macroalgae","Spi","C","1",12H 13M 0S,6.7,25.4,100.5,13H 45M 0S,6.89,25.6,103.5,34.3,23,14H 14M 0S,6.57,26,99.8,15H 45M 0S,6.29,25.4,94.5,195,34.3,22.9,6.874382174,92,91,189.999999999999,280,1.02281,2.11232499999999,126.7395,3.14710769230769,188.826461538462,25.6724657922723,-6.65289130434769,101.067034207727,195.479352842809,296.546387050537,14.03058716,7.20333604397262,13.9323715118712,21.1357075558438
"197","Spi-C-2","1","11",2021-03-31,"A6","Xsp","off-species","soft coral","Spi","C","2",12H 9M 0S,6.9,25.7,104.2,13H 41M 0S,7.17,25.5,107.7,34.6,23.3,14H 9M 0S,6.55,25.7,98.7,15H 45M 0S,6.35,25.3,95.2,199,34.4,23.5,6.950426225,92,96,270,200,1.02096,2.99629565217391,179.777739130434,2.127,127.62,-9.97992391304327,32.9899429347828,189.757663043478,94.6300570652173,284.387720108695,16.28635925,11.6513248989935,5.81038742991116,17.4617123289046
"198","Spi-C-2","8","16",2021-04-05,"B9","Hsp","off-species","macroalgae","Spi","C","2",12H 22M 0S,6.62,25.2,100.3,13H 52M 0S,7,25.6,106.4,34.2,22.9,14H 22M 0S,6.63,25.3,100.7,15H 52M 0S,6.3,25.4,96.1,202,34.2,23.3,6.579251631,90,90,380,330,1.02544,4.32963555555556,259.778133333333,3.75994666666667,225.5968,23.8043666666668,37.4078333333331,235.973766666667,188.188966666667,424.162733333333,16.28635925,14.4890434408578,11.5550052518132,26.044048692671
"199","Spi-C-2","10","5",2021-03-24,"B11","Csp","off-species","macroalgae","Spi","C","2",12H 33M 0S,6.8,25.3,101.8,14H 6M 0S,7.22,25.9,109.5,34.1,23.5,14H 37M 0S,6.56,25.6,98.8,16H 8M 0S,6.2,25.6,93.4,195,34.2,23.3,7.004665894,93,91,420,359.999999999999,1.01669,4.59150322580645,275.490193548387,4.02207032967032,241.324219780219,2.5889306636152,-6.30129949121199,272.901262884772,247.625519271431,520.526782156203,16.28635925,16.7564314832839,15.204473600902,31.9609050841859
"200","Spi-C-2","10","4",2021-03-22,"B11","Ssp","off-species","soft coral","Spi","C","2",12H 28M 0S,6.74,24.7,99.9,13H 58M 0S,7.08,25.9,106.8,34.2,23.1,14H 35M 0S,6.61,24.9,99.1,16H 5M 0S,6.35,25.6,95.6,195,34.4,23.1,7.004665894,90,90,340,260.000000000001,1.01669,3.84082888888889,230.449733333333,2.93710444444445,176.226266666667,51.0097000000001,64.6107666666668,179.440033333333,111.6155,291.055533333333,16.28635925,11.0178113216637,6.8533119211404,17.8711232428042
"201","Spi-C-2","4","8",2021-03-28,"A12","Spi","within-species","stony coral","Spi","C","2",12H 16M 0S,6.83,24.9,101.1,13H 46M 0S,7.15,25.5,107,34.6,23.3,14H 16M 0S,6.43,25.7,96.4,15H 46M 0S,6.17,25.3,91.8,198,34.7,23.1,7.370305346,90,90,320,260,1.0268,3.65084444444445,219.050666666667,2.96631111111111,177.978666666666,-33.2703260869564,61.2173999999999,252.320992753623,116.761266666667,369.08225942029,16.28635925,15.4927807302067,7.16926753698292,22.6620482671896
"202","Spi-C-2","10","15",2021-04-04,"B11","Hcn","off-species","sponge","Spi","C","2",12H 45M 0S,6.37,25.5,97.8,14H 15M 0S,6.76,25.7,103.5,34.4,23.5,14H 49M 0S,6.5,25.3,99.1,16H 19M 0S,6.24,25.7,95.6,195,34.2,23.7,7.004665894,90,90,390,260,1.01669,4.40565666666666,264.3394,2.93710444444444,176.226266666666,27.2049333333334,16.96586007326,237.134466666666,159.260406593406,396.394873260073,16.28635925,14.5603116710487,9.77876050434086,24.3390721753895
"203","Spi-C-2","11","9",2021-03-29,"B12","Amu","off-species","stony coral","Spi","C","2",12H 34M 0S,6.71,25.2,99.9,14H 4M 0S,7.08,25.4,105.1,34.4,23.6,14H 39M 0S,6.6,25.2,98,16H 9M 0S,6.37,25.4,95.1,198,34.2,23.6,6.788963055,90,90,370,230,1.0185,4.18716666666667,251.23,2.60283333333333,156.17,10.2386732600733,9.87377419354847,240.991326739927,146.296225806451,387.287552546378,16.28635925,14.7971270337738,8.98274584029277,23.7798728740666
"204","Spi-C-2","3","2",2021-03-20,"A11","Mdi","off-species","stony coral","Spi","C","2",12H 18M 0S,6.79,25.4,101.3,13H 49M 0S,7.18,25.6,108.4,34.3,23.2,14H 21M 0S,6.6,25.54,98.8,15H 53M 0S,6.23,25.3,93.1,200,34.3,23.2,7.051835362,91,92,390,369.999999999999,1.02549,4.39495714285714,263.697428571428,4.12425326086956,247.455195652173,43.396084687052,26.5777471949509,220.301343884376,220.877448457222,441.178792341599,16.28635925,13.5267398012466,13.5621132425421,27.0888530437887
"205","Spi-D-1","6","14",2021-04-03,"B4","Csp","off-species","macroalgae","Spi","D","1",12H 18M 0S,6.64,25.7,100,13H 48M 0S,7.27,25.3,108.8,34.4,23.3,14H 21M 0S,6.48,25.4,97.4,15H 51M 0S,6.24,25.4,94,200,34.2,23.3,6.878144835,90,90,630,240,1.02353,7.16471,429.8826,2.72941333333334,163.7648,34.0068666666668,6.80073333333319,395.875733333333,156.964066666667,552.8398,11.76509277,33.6483307928334,13.3415069252078,46.9898377180412
"206","Spi-D-1","3","1",2021-03-19,"A11","Amu","off-species","stony coral","Spi","D","1",12H 5M 0S,6.83,24.7,101.4,13H 36M 0S,7.26,25.8,109.9,34.3,23.6,14H 48M 0S,6.51,25.8,98.5,16H 21M 0S,6.22,25.5,93.6,200,34.5,23.5,7.051835362,91,93,430,290,1.02549,4.84572197802197,290.743318681318,3.19776451612903,191.865870967742,57.1763406593409,36.4522611008327,233.566978021978,155.413609866909,388.980587888887,11.76509277,19.8525402721476,13.2097224310208,33.0622627031684
"207","Spi-D-1","9","6",2021-03-25,"B10","Hcn","off-species","sponge","Spi","D","1",12H 35M 0S,6.53,25.5,98.5,14H 6M 0S,7.18,26,109.7,34.2,23.5,14H 35M 0S,6.6,25.2,99.2,16H 6M 0S,6.31,25.6,95.8,195,34.4,23.6,7.024242937,91,91,649.999999999999,290,1.02596,7.32828571428571,439.697142857142,3.26954285714286,196.172571428571,19.961804347826,6.6886658485275,419.735338509317,189.483905580044,609.21924408936,11.76509277,35.6763305411077,16.1056023343235,51.7819328754312
"208","Spi-D-1","5","7",2021-03-27,"B2","Spi","within-species","stony coral","Spi","D","1",12H 19M 0S,6.86,25.8,104.4,13H 49M 0S,7.58,24,110.9,34.3,23.1,14H 27M 0S,6.39,27.2,99.3,15H 47M 0S,6.11,25.2,91.5,197,34.4,23.1,6.897020096,90,80,720,279.999999999999,1.02427,8.19416,491.6496,3.58494499999999,215.0967,-13.622933333333,-38.7994936708859,505.272533333333,253.896193670885,759.168727004218,11.76509277,42.9467530100345,21.580466778664,64.5272197886986
"209","Spi-D-1","8","13",2021-04-02,"B9","Hsp","off-species","macroalgae","Spi","D","1",12H 25M 0S,6.57,25.4,98.8,13H 58M 0S,6.79,25.3,102.5,34.3,23,14H 26M 0S,6.54,25.7,98.7,15H 57M 0S,6.22,25.5,94,202,34.3,22.9,6.579251631,93,91,220,320,1.02544,2.42577204301075,145.546322580645,3.60594285714286,216.356571428572,25.6724657922723,-6.65289130434769,119.873856788373,223.009462732919,342.883319521292,11.76509277,10.188942759044,18.9551809826417,29.1441237416857
"210","Spi-D-1","8","3",2021-03-21,"B9","Xsp","off-species","soft coral","Spi","D","1",12H 25M 0S,6.96,25.4,104.8,13H 55M 0S,7.44,25.9,113,34.3,23.3,14H 26M 0S,6.62,25.5,99.9,15H 56M 0S,6.27,25.5,94.9,202,34.3,23.3,6.579251631,90,90,480,350.000000000001,1.02544,5.46901333333334,328.1408,3.98782222222223,239.269333333334,20.4013999999999,6.79793333333319,307.739400000001,232.471400000001,540.210800000001,11.76509277,26.1569888156522,19.7594192026078,45.91640801826
"211","Spi-D-1","3","12",2021-04-01,"A11","Ssp","off-species","soft coral","Spi","D","1",12H 12M 0S,6.64,25.8,100.8,13H 44M 0S,7.19,25.6,109.2,34.6,23.3,14H 12M 0S,6.53,25.7,99.1,15H 43M 0S,6.24,25.4,93.9,200,34.4,23.5,7.051835362,92,91,550.000000000001,290,1.02549,6.13064673913044,367.838804347827,3.26804505494506,196.082703296703,-22.9680399719493,6.65210869565203,390.806844319776,189.430594601051,580.237438920827,11.76509277,33.2174893950943,16.1010710501224,49.3185604452167
"212","Spi-D-1","7","10",2021-03-30,"B7","Mdi","off-species","stony coral","Spi","D","1",12H 24M 0S,6.73,25.4,99.8,13H 54M 0S,7.22,25.4,107.5,23.4,23.2,14H 25M 0S,6.66,25.3,99,15H 57M 0S,6.34,25.4,94.5,199,34.4,23.3,6.989082655,90,92,489.999999999999,320,1.023,5.56966666666666,334.179999999999,3.55826086956522,213.495652173913,10.2013000000001,26.6143043478261,323.978699999999,186.881347826087,510.860047826087,11.76509277,27.5372839240263,15.8843921998319,43.4216761238583
"213","Spi-D-2","4","2",2021-03-20,"A12","Mdi","off-species","stony coral","Spi","D","2",12H 19M 0S,6.76,25.4,101,13H 52M 0S,7.1,25.8,106.5,34.3,23.2,14H 23M 0S,6.61,25.3,98.8,15H 54M 0S,6.3,25.3,94.2,198,34.3,23.2,7.370305346,93,91,340,310.000000000001,1.0268,3.75389247311828,225.233548387097,3.49789010989012,209.873406593407,43.396084687052,26.5777471949509,181.837463700045,183.295659398456,365.133123098501,14.82645874,12.2643894195361,12.3627403288114,24.6271297483475
"214","Spi-D-2","7","15",2021-04-04,"B7","Hcn","off-species","sponge","Spi","D","2",12H 39M 0S,6.36,25.5,97,14H 9M 0S,7.15,25.7,109.6,34.4,23.5,14H 43M 0S,6.51,25.5,99.5,16H 13M 0S,6.2,25.7,95,199,34.2,23.7,6.989082655,90,90,790,310,1.023,8.97966666666667,538.78,3.52366666666666,211.42,27.2049333333334,16.96586007326,511.575066666667,194.45413992674,706.029206593406,14.82645874,34.504197909815,13.1153462426011,47.6195441524161
"215","Spi-D-2","5","9",2021-03-29,"B2","Amu","off-species","stony coral","Spi","D","2",12H 19M 0S,6.78,25.5,101,13H 49M 0S,7.37,25.4,110.1,34.4,23.6,14H 25M 0S,6.63,25.5,99,15H 55M 0S,6.36,25.5,94.8,197,34.2,23.6,6.897020096,90,90,590,270,1.02427,6.71465888888889,402.879533333333,3.07280999999999,184.3686,10.2386732600733,9.87377419354847,392.64086007326,174.494825806451,567.135685879711,14.82645874,26.4824437823418,11.769150602071,38.2515943844127
"216","Spi-D-2","1","4",2021-03-22,"A6","Ssp","off-species","soft coral","Spi","D","2",12H 8M 0S,6.87,24.5,101.5,13H 38M 0S,7.19,25.5,108.5,34.2,23.1,14H 13M 0S,6.6,25.5,99.1,15H 44M 0S,6.5,25.2,97,199,34.4,23.1,6.950426225,90,91,320,99.9999999999996,1.02096,3.63008,217.8048,1.12193406593406,67.3160439560437,51.0097000000001,64.6107666666668,166.7951,2.70527728937691,169.500377289377,14.82645874,11.2498272800643,0.182462807661441,11.4322900877258
"217","Spi-D-2","4","11",2021-03-31,"A12","Xsp","off-species","soft coral","Spi","D","2",12H 15M 0S,6.8,25.7,102.5,13H 46M 0S,7.2,25.6,108.7,34.6,23.3,14H 16M 0S,6.57,25.6,99.2,15H 48M 0S,6.26,25.4,93.9,198,34.4,23.5,7.370305346,91,92,400,310.000000000001,1.0268,4.5134065934066,270.804395604396,3.4598695652174,207.592173913044,-9.97992391304327,32.9899429347828,280.784319517439,174.602230978261,455.3865504957,14.82645874,18.9380569184681,11.7763947575158,30.714451675984
"218","Spi-D-2","5","16",2021-04-05,"B2","Hsp","off-species","macroalgae","Spi","D","2",12H 16M 0S,6.66,25.1,100.8,13H 46M 0S,7.15,25.9,108.7,34.2,22.9,14H 16M 0S,6.63,25.4,100.8,15H 46M 0S,6.26,25.5,95.4,197,34.2,23.3,6.897020096,90,90,490,370,1.02427,5.57658111111111,334.594866666667,4.21088777777778,252.653266666667,23.8043666666668,37.4078333333331,310.7905,215.245433333334,526.035933333334,14.82645874,20.9618834443268,14.5176563809285,35.4795398252552
"219","Spi-D-2","2","8",2021-03-28,"A7","Spi","within-species","stony coral","Spi","D","2",12H 10M 0S,6.88,25.3,102.5,13H 41M 0S,7.45,25.5,111.5,34.6,23.3,14H 12M 0S,6.41,26,96.6,15H 43M 0S,6.15,25.3,91.5,195,34.7,23.1,6.874382174,91,91,570,260,1.02281,6.40661208791209,384.396725274725,2.92231428571428,175.338857142857,-33.2703260869564,61.2173999999999,417.667051361682,114.121457142857,531.788508504539,14.82645874,28.1703850316506,7.69714866807481,35.8675336997254
"220","Spi-D-2","1","5",2021-03-24,"A6","Csp","off-species","macroalgae","Spi","D","2",12H 13M 0S,6.97,25.4,104.5,13H 45M 0S,7.34,25.4,110.5,34.1,23.5,14H 18M 0S,6.56,25.9,99.4,15H 51M 0S,6.38,25.2,95.9,199,34.2,23.3,6.950426225,92,93,370,180,1.02096,4.1060347826087,246.362086956522,1.97605161290322,118.563096774193,2.5889306636152,-6.30129949121199,243.773156292907,124.864396265405,368.637552558312,14.82645874,16.4417653984519,8.42172756523014,24.863492963682
